Golden,Trade,Origin region,Destination region,Origin country,district,req ETD wk ,Cust. Code,Carrier (Std),Contract #,BR:1st Vessel,BR:1st Voyage #,Bkg Party # ,TMS #,Booking Status,Exception?,BR:PRE,BR:POL,BR:POD,BR:DEL,Move Type,BR:Req. ETD POL,BC:ETD POL,BR:Eqp.,BR:Eqp. Cnt,BC:Eqp.,BC:Eqp. Cnt,BC:Release Date (latest),BC:Version,BR:Req. FEU,BC:Conf. FEU,FEU difference (BC-BR),Excpt. Eqp?,ETD difference (BC-BR),ETD range (BC-BR) formula,ETD info,Excpt. ETD?,BC: CY Cut-off Date,BC: CY Cut-off Time,BC: VGM Cut-off Date,BC: VGM Cut-off Time,BC: SI Cut-off Date,BC: SI Cut-off Time,BC: ETD POL,BC: ETA POD,BC:1st Release Date,BC:Released,BC:2nd Vessel,BC:2nd Voyage #,Consignee,Region,Bkg Type,Shipper Bkg Linked?,Linked Shipper bkg #,BR:Req. ETD intial,BR:PRE (full name),BR:POL (full name),BR:POD (full name),BR:DEL (full name),BR:POL Group,BR:POD Group,Ack:301 ETD POL,Ack: 301 ETA POD,Ack:301 ETA PODelivery,NVOCC/Agent Bkg #,Bkg Template?,Bkg Form Sent?,Bkg Form Email Sent Date,Created At,Updated At,BR create date,Updated At (Date),BR Month,300/301 Status,Bkg Agent ID,CRD,Date between BR creation / ETD req,Check,T/S port 1,T/S port 2,BC:3rd Vessel,BC:3rd Voyage #,BC:1st Vessel,BC:1st Voyage #,Vessel mismatch,BR:Eqp type 1,BR:Eqp Qty 1,BR:Eqp type 2,BR:Eqp Qty 2,BR:Eqp type 3,BR:Eqp Qty 3,BR:Eqp type 1 - row seq,BR:Eqp type 2 - row seq,BR:Eqp type 3 - row seq,BC:Eqp type 1,BC:Eqp qty 2,BC:Eqp type 2,BC:Eqp qty 2,BC:Eqp type 3,BC:Eqp qty 3,BC:Eqp type 1 - row seq,BC:Eqp type 2 - row seq,BC:Eqp type 3 - row seq,BR:Req. ETD PRE,Check PRE/POL differ,BC: ETD PRE,Check POD/DEL differ,BR: ETA POD,BR: ETA DEL,POL_POD,Days transit,BC Release date original ,BC Release Time original ,BC ETD POL original ,BC ETA POD original ,BC 1st Vessel  original ,BC 1st Vessel Voyage original ,BC Release date v1,BC Release Time v1,BC ETD POL v1,BC ETA POD v1,BC 1st Vessel  v1,BC 1st Vessel Voyage v1,BC Release date v2,BC Release Time v2,BC ETD POL v2,BC ETA POD v2,BC 1st Vessel  v2,BC 1st Vessel Voyage v2,BC Release date v3,BC Release Time v3,BC ETD POL v3,BC ETA POD v3,BC 1st Vessel  v3,BC 1st Vessel Voyage v3,BC Release date v4,BC Release Time v4,BC ETD POL v4,BC ETA POD v4,BC 1st Vessel  v4,BC 1st Vessel Voyage v4,BC Release date v5,BC Release Time v5,BC ETD POL v5,BC ETA POD v5,BC 1st Vessel  v5,BC 1st Vessel Voyage v5,BC Release date v6,BC Release Time v6,BC ETD POL v6,BC ETA POD v6,BC 1st Vessel  v6,BC 1st Vessel Voyage v6,BC Release date v7,BC Release Time v7,BC ETD POL v7,BC ETA POD v7,BC 1st Vessel  v7,BC 1st Vessel Voyage v7,BC Lastest release date calc,BC Lastest POL ETD CALC,BC Lastest POD ETA CALC,BC Lastest 1st Vessel name CALC,BC Lastest 1st Vessel Voyage CALC
yes,AP > EU,AP,EU,CN,CN E.,27,HMH,MAEU,90-0080,ELLY MAERSK,527W,229120444,180080002,Confirmed,N,CNSHA,CNSHA,NLRTM,NLRTM,CYP/CYP,01-Jul,01-Jul,40HCx2,2,40HCx2,2,20-Jun,1,2.25,2.25,0,N,0,7,ETD as req,N,28-Jun,21:00,28-Jun,14:30,27-Jun,16:30,01-Jul,15-Aug,20-Jun,No,,,H&M Home,Shanghai,Direct,yes,202347293044,01-Jul,"CNSHA - Shanghai, CN","CNSHA - Shanghai, CN","NLRTM - Rotterdam, NL","NLRTM - Rotterdam, NL",Ports of Shanghai,"Rotterdam, NL",01-Jul,15-Aug,,,No,No,,2025-06-16T08:16:20.270Z,2025-06-20T08:47:52.126Z,2025-06-16,2025-06-20,6,Canceled,,24-Jun, 15.00 ,0,,,,,ELLY MAERSK,527W,--,40HC,2,,,,,3,,,40HC,2,,,,,3,,,01-Jul,FALSE,01-Jul,FALSE,15-Aug,15-Aug,CNSHANLRTM,--,,,,,,,,,,,,,,,,,,,,,,,,,,,,,,,,,,,,,,,,,,,,,,,,,,,,,
yes,AP > EU,AP,EU,CN,CN E.,27,UNI,MAEU,90-0080,ELLY MAERSK,527W,229120447,180080004,Confirmed,N,CNSHA,CNSHA,NLRTM,NLRTM,CYP/CYP,01-Jul,01-Jul,40HCx1,1,40HCx1,1,20-Jun,1,1.125,1.125,0,N,0,7,ETD as req,N,28-Jun,21:00,28-Jun,14:30,27-Jun,16:30,01-Jul,15-Aug,20-Jun,No,,,UNILEVER,Shanghai,Direct,yes,202347293046,01-Jul,"CNSHA - Shanghai, CN","CNSHA - Shanghai, CN","NLRTM - Rotterdam, NL","NLRTM - Rotterdam, NL",Ports of Shanghai,"Rotterdam, NL",01-Jul,15-Aug,,,No,No,,2025-06-17T08:16:20.270Z,2025-06-20T08:47:50.484Z,2025-06-17,2025-06-20,6,Canceled,,21-Jun, 14.00 ,0,,,,,ELLY MAERSK,527W,--,40HC,1,,,,,3,,,40HC,1,,,,,3,,,01-Jul,FALSE,01-Jul,FALSE,15-Aug,15-Aug,CNSHANLRTM,--,,,,,,,,,,,,,,,,,,,,,,,,,,,,,,,,,,,,,,,,,,,,,,,,,,,,,
yes,AP > EU,AP,EU,CN,CN E.,27,UNI,MAEU,90-0080,ELLY MAERSK,527W,229120413,180080003,Confirmed,N,CNSHA,CNSHA,NLRTM,NLRTM,CYP/CYP,01-Jul,01-Jul,40HCx1,1,40HCx1,1,20-Jun,1,1.125,1.125,0,N,0,7,ETD as req,N,28-Jun,21:00,28-Jun,14:30,27-Jun,16:30,01-Jul,15-Aug,20-Jun,No,,,UNILEVER,Shanghai,Direct,yes,202347293048,01-Jul,"CNSHA - Shanghai, CN","CNSHA - Shanghai, CN","NLRTM - Rotterdam, NL","NLRTM - Rotterdam, NL",Ports of Shanghai,"Rotterdam, NL",01-Jul,15-Aug,,,No,No,,2025-06-16T08:16:20.270Z,2025-06-20T08:47:42.323Z,2025-06-16,2025-06-20,6,Canceled,,25-Jun, 15.00 ,0,,,,,ELLY MAERSK,527W,--,40HC,1,,,,,3,,,40HC,1,,,,,3,,,01-Jul,FALSE,01-Jul,FALSE,15-Aug,15-Aug,CNSHANLRTM,--,,,,,,,,,,,,,,,,,,,,,,,,,,,,,,,,,,,,,,,,,,,,,,,,,,,,,
yes PDF,AP > EU,AP,EU,CN,CN E.,33,HMH,EGLV,SC50089,COSCO SHIPPING SAGITTARIUS ,031W,142502368333,180080077,Confirmed,N,CNSHA,CNSHA,BEANR,BEANR,CYP/CYP,14-Aug,01-Jul,40HCx1,1,40HCx1,1,28-Jul,1,1.125,1.125,0,N,-44,--,--,--,15-Aug,12:00,14-Aug,17:00,14-Aug,17:00,01-Jul,15-Aug,20-Jun,Yes,,,H&M Home,Shanghai,Direct,yes,202347293049,14-Aug,"CNSHA - Shanghai, CN","CNSHA - Shanghai, CN","BEANR - Antwerp, BE","BEANR - Antwerp, BE",Ports of Shanghai,Antwerp,14-Aug,30-Sep,,,No,No,,2025-07-25T08:16:20.270Z,2025-06-20T08:48:03.749Z,2025-07-25,2025-06-20,7,Accepted,,06-Aug, 20.00 ,-38,,,,,COSCO SHIPPING SAGITTARIUS,031W,Vessel Change,40HC,1,,,,,3,,,40HC,1,,,,,3,,,14-Aug,FALSE,01-Jul,FALSE,--,--,CNSHABEANR,--,28-Jul,16:32:00,17-Aug,30-Sep,COSCO SHIPPING SAGITTARIUS,031W,,,,,,,,,,,,,,,,,,,,,,,,,,,,,,,,,,,,,,,,,,,28-Jul,17-Aug,30-Sep,COSCO SHIPPING SAGITTARIUS,031W
yes,AP > EU,AP,EU,CN,CN E.,33,SIE,EGLV,SC50089,COSCO SHIPPING SAGITTARIUS ,031W,229120426,180080080,pending,N,CNSHA,CNSHA,BEANR,BEANR,CYP/CYP,14-Aug,,40HCx1,1,,,,,1.125,,--,N,--,--,--,--,,,,,,,,,,No,,,Siemens AG,Shanghai,Direct,yes,202347293050,14-Aug,"CNSHA - Shanghai, CN","CNSHA - Shanghai, CN","BEANR - Antwerp, BE","BEANR - Antwerp, BE",Ports of Shanghai,Antwerp,14-Aug,30-Sep,,,No,No,,2025-07-26T08:16:20.270Z,2025-06-20T08:48:03.861Z,2025-07-26,2025-06-20,7,Accepted,,07-Aug, 19.00 ,0,,,,,,,no vessel,40HC,1,,,,,3,,,40HC,,,,,,3,,,14-Aug,FALSE,,FALSE,--,--,CNSHABEANR,--,,,,,,,,,,,,,,,,,,,,,,,,,,,,,,,,,,,,,,,,,,,,,,,,,,,,,
show transport plan,AP > EU,AP,EU,IN,IN W.,27,HMH,MAEU,90-0080,MAERSK SEBAROK,327S,228835193,180080006,Confirmed,Y,INMUN,INMUN,DEHAM,DEHAM,CYP/CYP,01-Jul,08-Jul,20GPx1,1,20GPx1,1,03-Jul,1,0.5,0.5,0,N,7,10,ETD is 1 wk LATER than req.,Y,05-Jul,8:00:00 PM,05-Jul,12:00:00 PM,05-Jul,1:00:00 PM,08-Jul,10-Aug,29-Jun,Yes,MARCHEN MAERSK,326W,H&M Home,India,Direct,Yes,202347293045,01-Jul,"INMUN - Mundra, IN","INMUN - Mundra, IN","DEHAM - Hamburg, DE","DEHAM - Hamburg, DE",IN.W,"Hamburg, DE",08-Jul,10-Aug,,,No,No,,2025-06-20T14:46:16.478Z,2025-07-09T19:10:34.242Z,2025-06-20,2025-07-09,6,Accepted,,23-Jun, 11.00 ,-4,LKCMB,,,,SM MANALI,327S,Vessel Change,20GP,1,,,,,1,,,20GP,1,,,,,1,,,01-Jul,FALSE,08-Jul,FALSE,04-Aug,04-Aug,INMUNDEHAM,--,,,,,,,,,,,,,,,,,,,,,,,,,,,,,,,,,,,,,,,,,,,,,,,,,,,,,
show transport plan,AP > EU,AP,EU,IN,IN W.,27,LID,MAEU,90-0080,MAERSK SEBAROK,327S,228849192,180080007,Confirmed,Y,INMUN,INMUN,DEHAM,DEHAM,CYP/CYP,01-Jul,08-Jul,40HCx1,1,40HCx1,1,07-Jul,1,1.125,1.125,0,N,7,10,ETD is 1 wk LATER than req.,Y,05-Jul,8:00:00 PM,05-Jul,12:00:00 PM,05-Jul,1:00:00 PM,08-Jul,10-Aug,30-Jun,Yes,MARCHEN MAERSK,326W,Lidl,India,Direct,Yes,202347220982,01-Jul,"INMUN - Mundra, IN","INMUN - Mundra, IN","DEHAM - Hamburg, DE","DEHAM - Hamburg, DE",IN.W,"Hamburg, DE",08-Jul,10-Aug,,,No,No,,2025-06-20T05:16:12.298Z,2025-07-09T19:10:34.242Z,2025-06-20,2025-07-09,6,Accepted,,23-Jun, 11.00 ,-7,LKCMB,,,,SM MANALI,327S,Vessel Change,40HC,1,,,,,3,,,40HC,1,,,,,3,,,01-Jul,FALSE,08-Jul,FALSE,04-Aug,04-Aug,INMUNDEHAM,--,,,,,,,,,,,,,,,,,,,,,,,,,,,,,,,,,,,,,,,,,,,,,,,,,,,,,
yes pdf,AP > EU,AP,EU,CN,CN E.,27,HMH,MAEU,90-0080,ELLY MAERSK,527W,264318575,180080073,Confirmed,N,CNNGB,CNNGB,NLRTM,NLRTM,CYP/CYP,05-Jul,05-Jul,40HCx1,1,40HCx1,1,15-Jul,2,1.125,1.125,0,N,0,7,ETD as req,N,02-Jul,12:00,02-Jul,16:00,01-Jul,22:00,05-Jul,15-Aug,25-Jun,Yes,,,H&M Home,Ningbo,Direct,Yes,202347356278,05-Jul,"CNNGB - Ningbo, CN","CNNGB - Ningbo, CN","NLRTM - Rotterdam, NL","NLRTM - Rotterdam, NL",Ports of Ningbo,"Rotterdam, NL",05-Jul,15-Aug,,,No,No,,2025-06-17T02:26:01.036Z,2025-06-27T19:10:47.762Z,2025-06-17,2025-06-27,6,Accepted,,27-Jun, 18.00 ,-20,,,,,ELLY MAERSK ,527W,Vessel Change,40HC,1,,,,,3,,,40HC,1,,,,,3,,,05-Jul,FALSE,05-Jul,FALSE,15-Aug,15-Aug,CNNGBNLRTM,--,25-Jun,10:14:00,5-Jul,15-Aug,ELLY MAERSK ,527W,15-Jul,6:31:00,5-Jul,15-Aug,ELLY MAERSK ,527W,,,,,,,,,,,,,,,,,,,,,,,,,,,,,,,,,,,,,15-Jul,5-Jul,15-Aug,ELLY MAERSK ,527W
yes pdf issue mismatch eqp,AP > EU,AP,EU,CN,CN E.,27,UNI,MAEU,90-0080,ELLY MAERSK,527W,264318665,180080072,Confirmed,Y,CNNGB,CNNGB,NLRTM,NLRTM,CYP/CYP,05-Jul,05-Jul,40GPx1,1,20GPx1,1,25-Jun,1,1,0.5,-0.5,Y,0,7,ETD as req,N,02-Jul,22:00,02-Jul,16:00,01-Jul,20:00,05-Jul,15-Aug,25-Jun,Yes,,,UNILEVER,Ningbo,Direct,Yes,202347356278,05-Jul,"CNNGB - Ningbo, CN","CNNGB - Ningbo, CN","NLRTM - Rotterdam, NL","NLRTM - Rotterdam, NL",Ports of Ningbo,"Rotterdam, NL",05-Jul,15-Aug,,,No,No,,2025-06-17T02:26:01.036Z,2025-06-26T19:10:47.762Z,2025-06-17,2025-06-26,6,Accepted,,28-Jun, 18.00 ,0,,,,,ELLY MAERSK ,527W,Vessel Change,40GP,1,,,,,2,,,20GP,1,,,,,1,,,05-Jul,FALSE,05-Jul,FALSE,15-Aug,15-Aug,CNNGBNLRTM,--,25-Jun,8:09:00,5-Jul,15-Aug,ELLY MAERSK ,527W,,,,,,,,,,,,,,,,,,,,,,,,,,,,,,,,,,,,,,,,,,,25-Jun,5-Jul,15-Aug,ELLY MAERSK ,527W
yes reefer no pdf,AP > NA,AP,NA,CN,CN S.,28,WAL,HLCU,HH2000,COSCO NETHERLANDS,058E,6359789010,180080008,Confirmed,N,CNYTN,CNYTN,USLGB,USLGB,CYP/CYP,13-Jul,13-Jul,40RFx1,1,40RFx1,1,25-Jun,1,1.125,1.125,0,N,0,7,ETD as req,N,09-Jul,15:00,08-Jul,12:30,08-Jul,12:30,13-Jul,28-Jul,25-Jun,Yes,,,Walmart,S.China,Direct,Yes,202347261043,13-Jul,"CNYTN - Yantian, CN","CNYTN - Yantian, CN","USLGB - Long Beach, US","USLGB - Long Beach, US",CN S.,"Los Angeles / Long Beach, CA, US",13-Jul,28-Jul,,,No,No,,2025-06-25T07:35:49.780Z,2025-06-25T19:10:55.411Z,2025-06-25,2025-06-25,6,Accepted,,05-Jul, 18.00 ,0,,,,,COSCO NETHERLANDS,058E,--,40RF,1,,,,,6,,,40RF,1,,,,,6,,,13-Jul,FALSE,13-Jul,FALSE,28-Jul,28-Jul,CNYTNUSLGB,19,,,,,,,,,,,,,,,,,,,,,,,,,,,,,,,,,,,,,,,,,,,,,,,,,,,,,
show transport plan,AP > EU,AP,EU,IN,IN W.,29,NIK,MAEU,90-0080,MAERSK SEBAROK,329S,229048498,180080011,Confirmed,Y,INMUN,INMUN,DEHAM,DEHAM,CYP/CYP,15-Jul,22-Jul,40HCx1,1,40HCx1,1,07-Jul,1,1.125,1.125,0,N,7,10,ETD is 1 wk LATER than req.,Y,19-Jul,8:00:00 PM,19-Jul,12:00:00 PM,19-Jul,1:00:00 PM,22-Jul,24-Aug,06-Jul,Yes,MAERSK CANDOR,328W,Nike,India,Direct,Yes,202347346614,15-Jul,"INMUN - Mundra, IN","INMUN - Mundra, IN","DEHAM - Hamburg, DE","DEHAM - Hamburg, DE",IN.W,"Hamburg, DE",22-Jul,24-Aug,,,No,No,,2025-07-06T14:46:12.206Z,2025-07-24T23:51:15.253Z,2025-07-06,2025-07-24,7,Accepted,,07-Jul, 9.00 ,-1,NLRTM,,,,ALULA EXPRESS,532W,Vessel Change,40HC,1,,,,,3,,,40HC,1,,,,,3,,,15-Jul,FALSE,22-Jul,FALSE,18-Aug,18-Aug,INMUNDEHAM,--,,,,,,,,,,,,,,,,,,,,,,,,,,,,,,,,,,,,,,,,,,,,,,,,,,,,,
show transport plan,AP > EU,AP,EU,IN,IN W.,29,HMH,MAEU,90-0080,MAERSK SEBAROK,329S,229200436,180080009,Confirmed,Y,INMOR,INMUN,DEHAM,DEHAM,CYP/CYP,15-Jul,22-Jul,20GPx1,1,20GPx1,1,18-Jul,1,0.5,0.5,0,N,7,10,ETD is 1 wk LATER than req.,Y,19-Jul,8:00:00 PM,19-Jul,12:00:00 PM,19-Jul,1:00:00 PM,17-Jul,17-Aug,12-Jul,Yes,MAERSK CANDOR,328W,H&M Home,India,Direct,Yes,202347240915,15-Jul,"INMOR - Moradabad, IN","INMUN - Mundra, IN","DEHAM - Hamburg, DE","DEHAM - Hamburg, DE",IN.W,"Hamburg, DE",22-Jul,24-Aug,,,No,No,,2025-06-30T04:07:53.715Z,2025-07-24T23:51:06.222Z,2025-06-30,2025-07-24,6,Accepted,,07-Jul, 15.00 ,-6,NLRTM,,,,ALULA EXPRESS,532W,Vessel Change,20GP,1,,,,,1,,,20GP,1,,,,,1,,,12-Jul,TRUE,19-Jul,FALSE,11-Aug,11-Aug,INMUNDEHAM,--,,,,,,,,,,,,,,,,,,,,,,,,,,,,,,,,,,,,,,,,,,,,,,,,,,,,,
show transport plan,AP > EU,AP,EU,IN,IN W.,29,LID,MAEU,90-0080,MAERSK SEBAROK,329S,229233808,180080010,Confirmed,Y,INMUN,INMUN,DEHAM,DEHAM,CYP/CYP,15-Jul,22-Jul,20GPx1,1,20GPx1,1,13-Jul,1,0.5,0.5,0,N,7,10,ETD is 1 wk LATER than req.,Y,19-Jul,8:00:00 PM,19-Jul,12:00:00 PM,19-Jul,1:00:00 PM,22-Jul,24-Aug,12-Jul,Yes,MAERSK CANDOR,328W,Lidl,India,Direct,Yes,202347268065,15-Jul,"INMUN - Mundra, IN","INMUN - Mundra, IN","DEHAM - Hamburg, DE","DEHAM - Hamburg, DE",IN.W,"Hamburg, DE",22-Jul,24-Aug,,,No,No,,2025-07-01T16:16:16.448Z,2025-07-24T23:51:06.222Z,2025-07-01,2025-07-24,7,Accepted,,07-Jul, 14.00 ,-1,NLRTM,,,,ALULA EXPRESS,532W,Vessel Change,20GP,1,,,,,1,,,20GP,1,,,,,1,,,15-Jul,FALSE,22-Jul,FALSE,18-Aug,18-Aug,INMUNDEHAM,--,,,,,,,,,,,,,,,,,,,,,,,,,,,,,,,,,,,,,,,,,,,,,,,,,,,,,
show transport plan,AP > EU,AP,EU,IN,IN W.,31,NIK,MAEU,90-0080,SEASPAN JAKARTA,331S,229366525,180080014,Confirmed,Y,INMOR,INMUN,DEHAM,DEHAM,CYP/CYP,29-Jul,05-Aug,20GPx1,1,20GPx1,1,25-Jul,1,0.5,0.5,0,N,7,10,ETD is 1 wk LATER than req.,Y,02-Aug,8:00:00 PM,02-Aug,12:00:00 PM,02-Aug,1:00:00 PM,29-Jul,31-Aug,17-Jul,Yes,EBBA MAERSK,330W,Nike,India,Direct,Yes,202347314945,29-Jul,"INMOR - Moradabad, IN","INMUN - Mundra, IN","DEHAM - Hamburg, DE","DEHAM - Hamburg, DE",IN.W,"Hamburg, DE",05-Aug,07-Sep,,,No,No,,2025-07-17T14:36:10.175Z,2025-07-27T22:57:20.038Z,2025-07-17,2025-07-27,7,Accepted,,21-Jul, 12.00 ,-8,NLRTM,,,,MAERSK CARDIFF,533W,Vessel Change,20GP,1,,,,,1,,,20GP,1,,,,,1,,,26-Jul,TRUE,02-Aug,FALSE,25-Aug,25-Aug,INMUNDEHAM,--,,,,,,,,,,,,,,,,,,,,,,,,,,,,,,,,,,,,,,,,,,,,,,,,,,,,,
show transport plan,AP > EU,AP,EU,IN,IN W.,31,BBY,MAEU,90-0080,SEASPAN JAKARTA,331S,229383930,180080015,Confirmed,Y,INMUN,INMUN,DEHAM,DEHAM,CYP/CYP,29-Jul,05-Aug,40HCx1,1,40HCx1,1,18-Jul,1,1.125,1.125,0,N,7,10,ETD is 1 wk LATER than req.,Y,02-Aug,8:00:00 PM,02-Aug,12:00:00 PM,02-Aug,1:00:00 PM,05-Aug,07-Sep,18-Jul,Yes,EBBA MAERSK,330W,Best Buy,India,Direct,Yes,202347406636,29-Jul,"INMUN - Mundra, IN","INMUN - Mundra, IN","DEHAM - Hamburg, DE","DEHAM - Hamburg, DE",IN.W,"Hamburg, DE",05-Aug,07-Sep,,,No,No,,2025-07-18T05:38:02.348Z,2025-07-18T14:35:25.765Z,2025-07-18,2025-07-18,7,Accepted,,21-Jul, 11.00 ,0,NLRTM,,,,MAERSK CARDIFF,533W,Vessel Change,40HC,1,,,,,3,,,40HC,1,,,,,3,,,29-Jul,FALSE,05-Aug,FALSE,01-Sep,01-Sep,INMUNDEHAM,--,,,,,,,,,,,,,,,,,,,,,,,,,,,,,,,,,,,,,,,,,,,,,,,,,,,,,
YES,AP > EU,AP,EU,CN,CN E.,31,KFL,MAEU,90-0080,MUNICH MAERSK,329W,228970692,180080013,Confirmed,N,CNNGB,CNNGB,DEBRV,DEHBO,CYP/D,31-Jul,31-Jul,20GPx1,1,20GPx1,1,05-Jul,1,0.5,0.5,0,N,0,7,ETD as req,N,,,,,,,31-Jul,06-Sep,05-Jul,Yes,,,Kaufland,Ningbo,Direct,Yes,202347194539,31-Jul,"CNNGB - Ningbo, CN","CNNGB - Ningbo, CN","DEBRV - Bremerhaven, DE","DEHBO - Homberg, DE",Ports of Ningbo,"Bremerhaven, DE",01-Aug,06-Sep,,,No,No,,2025-07-15T02:16:21.780Z,2025-08-03T23:51:10.585Z,2025-07-15,2025-08-03,7,Accepted,,23-Jul, 16.00 ,0,,,,,MUNICH MAERSK,329W,--,20GP,1,,,,,1,,,20GP,1,,,,,1,,,31-Jul,FALSE,31-Jul,TRUE,06-Sep,--,CNNGBDEBRV,--,,,,,,,,,,,,,,,,,,,,,,,,,,,,,,,,,,,,,,,,,,,,,,,,,,,,,
YES,AP > NA,AP,NA,CN,CN E.,31,COS,HDMU,CA235001,ARISTOMENIS,022E,NBOZ85904100,180080016,Canceled by carrier,N,CNNGB,CNNGB,USLGB,USLGB,CYP/CYP,02-Aug,,40HCx3,3,,,,,3.375,,--,N,--,--,--,--,,,,,,,,,,Yes,,,Costco,Ningbo,Bkg Agnt,Yes,202347292223,02-Aug,"CNNGB - Ningbo, CN","CNNGB - Ningbo, CN","USLGB - Long Beach, US","USLGB - Long Beach, US",Ports of Ningbo,"Los Angeles / Long Beach, CA, US",02-Aug,,,TSL202307100412,No,No,,2025-07-18T06:16:10.747Z,2025-07-31T09:02:12.863Z,2025-07-18,2025-07-31,7,Canceled,WORLDEX,23-Jul, 15.00 ,0,,,,,,,no vessel,40HC,3,,,,,3,,,,,,,,,,,,02-Aug,FALSE,,FALSE,--,--,CNNGBUSLGB,19,,,,,,,,,,,,,,,,,,,,,,,,,,,,,,,,,,,,,,,,,,,,,,,,,,,,,
YES,AP > NA,AP,NA,CN,CN E.,31,WAL,HDMU,CA235001,ARISTOMENIS,022E,NBOZ01082600,180080017,Canceled by carrier,N,CNNGB,CNNGB,USLGB,USLGB,CYP/CYP,02-Aug,,40HCx6,6,,,,,6.75,,--,N,--,--,--,--,,,,,,,,,,Yes,,,Walmart,Ningbo,Bkg Agnt,Yes,202347300260,02-Aug,"CNNGB - Ningbo, CN","CNNGB - Ningbo, CN","USLGB - Long Beach, US","USLGB - Long Beach, US",Ports of Ningbo,"Los Angeles / Long Beach, CA, US",02-Aug,,,TSL202307100415,No,No,,2025-07-18T06:16:10.747Z,2025-07-26T08:46:27.720Z,2025-07-18,2025-07-26,7,Canceled,WORLDEX,26-Jul, 15.00 ,0,,,,,,,no vessel,40HC,6,,,,,3,,,,,,,,,,,,02-Aug,FALSE,,FALSE,--,--,CNNGBUSLGB,19,,,,,,,,,,,,,,,,,,,,,,,,,,,,,,,,,,,,,,,,,,,,,,,,,,,,,
YES,AP > NA,AP,NA,CN,CN E.,31,COS,HDMU,CA235001,YM TROPHY,008E,NBOZ23075500,180080018,Confirmed,N,CNNGB,CNNGB,USLGB,USLGB,CYP/CYP,02-Aug,02-Aug,40HCx5,5,40HCx5,5,10-Jul,1,5.625,5.625,0,N,0,7,ETD as req,N,,,,,,,02-Aug,21-Aug,10-Jul,Yes,,,Costco,Ningbo,Bkg Agnt,Yes,202347375215,02-Aug,"CNNGB - Ningbo, CN","CNNGB - Ningbo, CN","USLGB - Long Beach, US","USLGB - Long Beach, US",Ports of Ningbo,"Los Angeles / Long Beach, CA, US",02-Aug,,,TSL202307100413,No,No,,2025-07-18T06:16:10.747Z,2025-08-03T23:51:29.369Z,2025-07-18,2025-08-03,7,Accepted,WORLDEX,25-Jul, 15.00 ,0,,,,,YM TROPHY,008E,--,40HC,5,,,,,3,,,40HC,5,,,,,3,,,02-Aug,FALSE,02-Aug,FALSE,21-Aug,21-Aug,CNNGBUSLGB,19,,,,,,,,,,,,,,,,,,,,,,,,,,,,,,,,,,,,,,,,,,,,,,,,,,,,,
YES,AP > NA,AP,NA,CN,CN E.,31,HOD,MSCU,25-001WW,MSC KATIE,330N,177UGLGLN31883A,180080019,Confirmed,N,CNNGB,CNNGB,USLGB,USLGB,CYP/CYP,02-Aug,02-Aug,40HCx3,3,40HCx3,3,19-Jul,1,3.375,3.375,0,N,0,7,ETD as req,N,,,,,,,02-Aug,21-Aug,19-Jul,Yes,,,Home Depot,Ningbo,Bkg Agnt,Yes,202347423449,02-Aug,"CNNGB - Ningbo, CN","CNNGB - Ningbo, CN","USLGB - Long Beach, US","USLGB - Long Beach, US",Ports of Ningbo,"Los Angeles / Long Beach, CA, US",02-Aug,,,TSL202307180559,No,No,,2025-07-18T07:16:32.631Z,2025-07-19T06:00:30.622Z,2025-07-18,2025-07-19,7,Accepted,WORLDEX,25-Jul, 15.00 ,0,,,,,MSC KATIE,330N,--,40HC,3,,,,,3,,,40HC,3,,,,,3,,,02-Aug,FALSE,02-Aug,FALSE,21-Aug,21-Aug,CNNGBUSLGB,19,,,,,,,,,,,,,,,,,,,,,,,,,,,,,,,,,,,,,,,,,,,,,,,,,,,,,
YES,AP > NA,AP,NA,CN,CN E.,31,WAL,MSCU,25-001WW,MSC KATIE,330N,177UGLGLN31882A,180080020,Confirmed,N,CNNGB,CNNGB,USLGB,USLGB,CYP/CYP,02-Aug,02-Aug,40HCx3,3,40HCx3,3,19-Jul,1,3.375,3.375,0,N,0,7,ETD as req,N,,,,,,,02-Aug,21-Aug,19-Jul,Yes,,,Walmart,Ningbo,Bkg Agnt,Yes,202347423480,02-Aug,"CNNGB - Ningbo, CN","CNNGB - Ningbo, CN","USLGB - Long Beach, US","USLGB - Long Beach, US",Ports of Ningbo,"Los Angeles / Long Beach, CA, US",02-Aug,,,TSL202307180560,No,No,,2025-07-18T07:16:32.631Z,2025-07-19T06:00:25.408Z,2025-07-18,2025-07-19,7,Accepted,WORLDEX,25-Jul, 15.00 ,0,,,,,MSC KATIE,330N,--,40HC,3,,,,,3,,,40HC,3,,,,,3,,,02-Aug,FALSE,02-Aug,FALSE,21-Aug,21-Aug,CNNGBUSLGB,19,,,,,,,,,,,,,,,,,,,,,,,,,,,,,,,,,,,,,,,,,,,,,,,,,,,,,
YES,AP > NA,AP,NA,CN,CN E.,31,HOD,MSCU,25-001WW,MSC KATIE,330N,177UGLGLN31878A,180080021,Confirmed,N,CNNGB,CNNGB,USLGB,USLGB,CYP/CYP,02-Aug,02-Aug,40HCx1,1,40HCx1,1,19-Jul,1,1.125,1.125,0,N,0,7,ETD as req,N,,,,,,,02-Aug,21-Aug,19-Jul,Yes,,,Home Depot,Ningbo,Bkg Agnt,Yes,202347318180,02-Aug,"CNNGB - Ningbo, CN","CNNGB - Ningbo, CN","USLGB - Long Beach, US","USLGB - Long Beach, US",Ports of Ningbo,"Los Angeles / Long Beach, CA, US",02-Aug,,,TSL202307180573,No,No,,2025-07-18T07:16:32.631Z,2025-07-19T06:00:23.138Z,2025-07-18,2025-07-19,7,Accepted,WORLDEX,25-Jul, 15.00 ,0,,,,,MSC KATIE,330N,--,40HC,1,,,,,3,,,40HC,1,,,,,3,,,02-Aug,FALSE,02-Aug,FALSE,21-Aug,21-Aug,CNNGBUSLGB,19,,,,,,,,,,,,,,,,,,,,,,,,,,,,,,,,,,,,,,,,,,,,,,,,,,,,,
YES,AP > NA,AP,NA,CN,CN E.,31,COS,MSCU,25-001WW,MSC KATIE,330N,177UGLGLN31893A,180080023,Canceled by carrier,N,CNNGB,CNNGB,USLGB,USLGB,CYP/CYP,02-Aug,,40HCx4,4,,,,,4.5,,--,N,--,--,--,--,,,,,,,,,,No,,,Costco,Ningbo,Bkg Agnt,Yes,202347307339,02-Aug,"CNNGB - Ningbo, CN","CNNGB - Ningbo, CN","USLGB - Long Beach, US","USLGB - Long Beach, US",Ports of Ningbo,"Los Angeles / Long Beach, CA, US",02-Aug,,,TSL202307190487,No,No,,2025-07-19T08:05:54.898Z,2025-07-24T07:33:10.975Z,2025-07-19,2025-07-24,7,Canceled,WORLDEX,23-Jul, 14.00 ,0,,,,,,,no vessel,40HC,4,,,,,3,,,,,,,,,,,,02-Aug,FALSE,,FALSE,--,--,CNNGBUSLGB,19,,,,,,,,,,,,,,,,,,,,,,,,,,,,,,,,,,,,,,,,,,,,,,,,,,,,,
YES,AP > NA,AP,NA,CN,CN E.,31,TGT,HDMU,CA235001,ARISTOMENIS,022E,NBOZ01082600,180080035,Pending,N,CNNGB,CNNGB,USLGB,USLGB,CYP/CYP,02-Aug,,40HCx6,6,,,,,6.75,,--,N,--,--,--,--,,,,,,,,,,Yes,,,Target,Ningbo,Bkg Agnt,Yes,202347498157,02-Aug,"CNNGB - Ningbo, CN","CNNGB - Ningbo, CN","USLGB - Long Beach, US","USLGB - Long Beach, US",Ports of Ningbo,"Los Angeles / Long Beach, CA, US",02-Aug,,,TSL202307260469,No,No,,2025-07-22T08:26:05.169Z,2025-08-03T23:51:06.357Z,2025-07-22,2025-08-03,7,Accepted,WORLDEX,24-Jul, 11.00 ,0,,,,,,,no vessel,40HC,6,,,,,3,,,,,,,,,,,,02-Aug,FALSE,,FALSE,--,--,CNNGBUSLGB,19,,,,,,,,,,,,,,,,,,,,,,,,,,,,,,,,,,,,,,,,,,,,,,,,,,,,,
show transport plan,AP > EU,AP,EU,IN,IN S.,32,HMH,MAEU,90-0080,KUO LUNG,562S,229412035,180080024,Confirmed,N,INTUT,INTUT,DEBRV,DEHBO,CYP/CYP,05-Aug,05-Aug,20GPx1,1,20GPx1,1,20-Jul,5,0.5,0.5,0,N,0,7,ETD as req,N,02-Aug,8:00:00 PM,02-Aug,12:00:00 PM,02-Aug,1:00:00 PM,08-Aug,07-Sep,19-Jul,Yes,MAERSK GUATEMALA / 533W,533W,H&M Home,India,Direct,Yes,202347392887,05-Aug,"INTUT - Tuticorin, IN","INTUT - Tuticorin, IN","DEBRV - Bremerhaven, DE","DEHBO - Homberg, DE",IN.S,"Bremerhaven, DE",06-Aug,08-Sep,,,No,No,,2025-07-20T14:16:16.818Z,2025-07-20T16:20:21.337Z,2025-07-20,2025-07-20,7,Accepted,,28-Jul, 16.00 ,-1,LKCMB,,,,KUO LUNG,562S,--,20GP,1,,,,,1,,,20GP,1,,,,,1,,,05-Aug,FALSE,05-Aug,TRUE,07-Sep,--,INTUTDEBRV,--,,,,,,,,,,,,,,,,,,,,,,,,,,,,,,,,,,,,,,,,,,,,,,,,,,,,,
YES,AP > EU,AP,EU,CN,CN E.,32,KFL,MAEU,90-0080,MORTEN MAERSK,330W,229121670,180080036,Confirmed,N,CNNGB,CNNGB,DEBRV,DEHBO,CYP/D,07-Aug,07-Aug,40HCx1,1,40HCx1,1,10-Jul,1,1.125,1.125,0,N,0,7,ETD as req,N,,,,,,,07-Aug,13-Sep,10-Jul,Yes,,,Kaufland,Ningbo,Direct,Yes,202347291829,07-Aug,"CNNGB - Ningbo, CN","CNNGB - Ningbo, CN","DEBRV - Bremerhaven, DE","DEHBO - Homberg, DE",Ports of Ningbo,"Bremerhaven, DE",08-Aug,13-Sep,,,No,No,,2025-07-22T08:36:18.879Z,2025-07-27T01:43:13.696Z,2025-07-22,2025-07-27,7,Accepted,,30-Jul, 16.00 ,0,,,,,MORTEN MAERSK,330W,--,40HC,1,,,,,3,,,40HC,1,,,,,3,,,07-Aug,FALSE,07-Aug,TRUE,13-Sep,--,CNNGBDEBRV,--,,,,,,,,,,,,,,,,,,,,,,,,,,,,,,,,,,,,,,,,,,,,,,,,,,,,,
YES,AP > EU,AP,EU,CN,CN E.,32,LID,MAEU,90-0080,MORTEN MAERSK,330W,229121969,180080037,Confirmed,N,CNNGB,CNNGB,DEBRV,DEHBO,CYP/D,07-Aug,07-Aug,40HCx1,1,40HCx1,1,10-Jul,1,1.125,1.125,0,N,0,7,ETD as req,N,,,,,,,07-Aug,13-Sep,10-Jul,Yes,,,Lidl,Ningbo,Direct,Yes,202347310239,07-Aug,"CNNGB - Ningbo, CN","CNNGB - Ningbo, CN","DEBRV - Bremerhaven, DE","DEHBO - Homberg, DE",Ports of Ningbo,"Bremerhaven, DE",08-Aug,13-Sep,,,No,No,,2025-07-24T08:36:25.175Z,2025-07-27T01:42:16.146Z,2025-07-24,2025-07-27,7,Accepted,,30-Jul, 14.00 ,0,,,,,MORTEN MAERSK,330W,--,40HC,1,,,,,3,,,40HC,1,,,,,3,,,07-Aug,FALSE,07-Aug,TRUE,13-Sep,--,CNNGBDEBRV,--,,,,,,,,,,,,,,,,,,,,,,,,,,,,,,,,,,,,,,,,,,,,,,,,,,,,,
YES,AP > EU,AP,EU,CN,CN E.,32,KFL,MAEU,90-0080,MORTEN MAERSK,330W,229121825,180080051,Confirmed,N,CNNGB,CNNGB,DEBRV,DEHBO,CYP/D,07-Aug,07-Aug,40HCx1,1,40HCx1,1,10-Jul,1,1.125,1.125,0,N,0,7,ETD as req,N,,,,,,,07-Aug,13-Sep,10-Jul,Yes,,,Kaufland,Ningbo,Direct,Yes,202347314010,07-Aug,"CNNGB - Ningbo, CN","CNNGB - Ningbo, CN","DEBRV - Bremerhaven, DE","DEHBO - Homberg, DE",Ports of Ningbo,"Bremerhaven, DE",08-Aug,13-Sep,,,No,No,,2025-07-25T08:36:25.175Z,2025-07-27T01:43:16.880Z,2025-07-25,2025-07-27,7,Accepted,,30-Jul, 13.00 ,0,,,,,MORTEN MAERSK,330W,--,40HC,1,,,,,3,,,40HC,1,,,,,3,,,07-Aug,FALSE,07-Aug,TRUE,13-Sep,--,CNNGBDEBRV,--,,,,,,,,,,,,,,,,,,,,,,,,,,,,,,,,,,,,,,,,,,,,,,,,,,,,,
YES,AP > EU,AP,EU,CN,CN E.,32,HMH,MAEU,90-0080,MARIBO MAERSK,331W,229121822,180080052,Confirmed,Y,CNNGB,CNNGB,DEBRV,DEHBO,CYP/D,07-Aug,15-Aug,40HCx1,1,40HCx1,1,02-Aug,2,1.125,1.125,0,N,8,10,ETD is 1 wk LATER than req.,Y,,,,,,,07-Aug,13-Sep,18-Jul,Yes,,,H&M Home,Ningbo,Direct,Yes,202347433357,07-Aug,"CNNGB - Ningbo, CN","CNNGB - Ningbo, CN","DEBRV - Bremerhaven, DE","DEHBO - Homberg, DE",Ports of Ningbo,"Bremerhaven, DE",15-Aug,20-Sep,,,No,No,,2025-07-25T08:36:25.175Z,2025-08-03T03:50:25.477Z,2025-07-25,2025-08-03,7,Accepted,,30-Jul, 13.00 ,-15,,,,,MARIBO MAERSK,331W,--,40HC,1,,,,,3,,,40HC,1,,,,,3,,,07-Aug,FALSE,15-Aug,TRUE,07-Sep,--,CNNGBDEBRV,--,,,,,,,,,,,,,,,,,,,,,,,,,,,,,,,,,,,,,,,,,,,,,,,,,,,,,
yes,AP > EU,AP,EU,CN,CN E.,32,SIE,HLCU,HH2000,ESTELLE MAERSK,532W,292861395,180080025,Pending,N,CNNGB,CNNGB,NLRTM,NLRTM,CYP/CYP,08-Aug,,40HCx2,2,,,,,2.25,,--,N,--,--,--,--,,,,,,,,,,Yes,,,Siemens AG,Ningbo,Bkg Agnt,Yes,202347320098,09-Aug,"CNNGB - Ningbo, CN","CNNGB - Ningbo, CN","NLRTM - Rotterdam, NL","NLRTM - Rotterdam, NL",Ports of Ningbo,"Rotterdam, NL",09-Aug,,,TSL202307210260,No,No,,2025-07-21T03:46:12.638Z,2025-07-24T06:45:31.176Z,2025-07-21,2025-07-24,7,Accepted,WORLDEX,31-Jul, 18.00 ,0,,,,,,,no vessel,40HC,2,,,,,3,,,,,,,,,,,,08-Aug,FALSE,,FALSE,--,--,CNNGBNLRTM,--,,,,,,,,,,,,,,,,,,,,,,,,,,,,,,,,,,,,,,,,,,,,,,,,,,,,,
yes,AP > EU,AP,EU,CN,CN E.,32,TRI,HLCU,HH2000,ESTELLE MAERSK,532W,292861394,180080026,Pending,N,CNNGB,CNNGB,NLRTM,NLRTM,CYP/CYP,08-Aug,09-Aug,40HCx2,2,40HCx2,2,09-Jul,,2.25,2.25,--,N,--,--,--,--,,,,,,,09-Aug,15-Sep,09-Jul,Yes,,,Triumph,Ningbo,Bkg Agnt,Yes,202347341746,09-Aug,"CNNGB - Ningbo, CN","CNNGB - Ningbo, CN","NLRTM - Rotterdam, NL","NLRTM - Rotterdam, NL",Ports of Ningbo,"Rotterdam, NL",09-Aug,,,TSL202307210267,No,No,,2025-07-21T03:46:12.638Z,2025-07-24T06:45:21.762Z,2025-07-21,2025-07-24,7,Accepted,WORLDEX,31-Jul, 18.00 ,0,,,,,,,no vessel,40HC,2,,,,,3,,,40HC,2,,,,,3,,,08-Aug,FALSE,09-Aug,FALSE,--,--,CNNGBNLRTM,--,,,,,,,,,,,,,,,,,,,,,,,,,,,,,,,,,,,,,,,,,,,,,,,,,,,,,
yes,AP > EU,AP,EU,CN,CN E.,32,SIE,MAEU,90-0090,ESTELLE MAERSK,532W,292861392,180080027,Pending,N,CNNGB,CNNGB,NLRTM,NLRTM,CYP/CYP,08-Aug,,40HCx1,1,,,,,1.125,,--,N,--,--,--,--,,,,,,,,,,Yes,,,Siemens AG,Ningbo,Bkg Agnt,Yes,"202347238889, 202347443978",09-Aug,"CNNGB - Ningbo, CN","CNNGB - Ningbo, CN","NLRTM - Rotterdam, NL","NLRTM - Rotterdam, NL",Ports of Ningbo,"Rotterdam, NL",09-Aug,,,TSL202307210268,No,No,,2025-07-21T03:46:12.638Z,2025-07-25T02:31:24.319Z,2025-07-21,2025-07-25,7,Accepted,WORLDEX,01-Aug, 18.00 ,0,,,,,,,no vessel,40HC,1,,,,,3,,,,,,,,,,,,08-Aug,FALSE,,FALSE,--,--,CNNGBNLRTM,--,,,,,,,,,,,,,,,,,,,,,,,,,,,,,,,,,,,,,,,,,,,,,,,,,,,,,
yes,AP > EU,AP,EU,CN,CN E.,32,UNI,MAEU,90-0090,ESTELLE MAERSK,532W,292861440,180080038,Pending,N,CNNGB,CNNGB,NLRTM,NLRTM,CYP/CYP,08-Aug,,40HCx3,3,,,,,3.375,,--,N,--,--,--,--,,,,,,,,,,Yes,,,UNILEVER,Ningbo,Bkg Agnt,Yes,"202347471558, 202347291582, 202347326823, 202347465267, 202347403134, 202347384223, 202347185490, 202347056575, 202347374241, 202347364836, 202347355804, 202347338355",09-Aug,"CNNGB - Ningbo, CN","CNNGB - Ningbo, CN","NLRTM - Rotterdam, NL","NLRTM - Rotterdam, NL",Ports of Ningbo,"Rotterdam, NL",09-Aug,26-Aug,,TSL202307240501,No,No,,2025-07-24T06:26:03.068Z,2025-08-04T02:28:06.129Z,2025-07-24,2025-08-04,7,Accepted,WORLDEX,31-Jul, 15.00 ,0,,,,,,,no vessel,40HC,3,,,,,3,,,,,,,,,,,,08-Aug,FALSE,,FALSE,--,--,CNNGBNLRTM,--,,,,,,,,,,,,,,,,,,,,,,,,,,,,,,,,,,,,,,,,,,,,,,,,,,,,,
yes,AP > EU,AP,EU,CN,CN E.,32,TRI,MAEU,90-0090,ESTELLE MAERSK,532W,292861484,180080039,Pending,N,CNNGB,CNNGB,NLRTM,NLRTM,CYP/CYP,08-Aug,,40HCx2,2,,,,,2.25,,--,N,--,--,--,--,,,,,,,,,,Yes,,,Triumph,Ningbo,Bkg Agnt,Yes,202347239816,09-Aug,"CNNGB - Ningbo, CN","CNNGB - Ningbo, CN","NLRTM - Rotterdam, NL","NLRTM - Rotterdam, NL",Ports of Ningbo,"Rotterdam, NL",09-Aug,,,TSL202307240964,No,No,,2025-07-24T09:46:05.236Z,2025-07-25T02:30:21.006Z,2025-07-24,2025-07-25,7,Accepted,WORLDEX,31-Jul, 15.00 ,0,,,,,,,no vessel,40HC,2,,,,,3,,,,,,,,,,,,08-Aug,FALSE,,FALSE,--,--,CNNGBNLRTM,--,,,,,,,,,,,,,,,,,,,,,,,,,,,,,,,,,,,,,,,,,,,,,,,,,,,,,
yes pdf,AP > EU,AP,EU,CN,CN E.,32,SIE,MAEU,90-0090,ESTELLE MAERSK,532W,264319062,180080071,Canceled by carrier,N,CNNGB,CNNGB,NLRTM,NLRTM,CYP/CYP,08-Aug,,40HCx6,6,,,31-Jul,1,6.75,,--,N,--,--,--,--,,,,,,,,,31-Jul,Yes,,,Siemens AG,Ningbo,Bkg Agnt,Yes,202347228216,09-Aug,"CNNGB - Ningbo, CN","CNNGB - Ningbo, CN","NLRTM - Rotterdam, NL","NLRTM - Rotterdam, NL",Ports of Ningbo,"Rotterdam, NL",09-Aug,,,TSL202307210261,No,No,,2025-07-21T03:46:12.638Z,2025-07-09T06:40:52.232Z,2025-07-21,2025-07-09,7,Accepted,WORLDEX,31-Jul, 18.00 ,0,,,,,,,no vessel,40HC,6,,,,,3,,,,,,,,,,,,08-Aug,FALSE,,FALSE,--,--,CNNGBNLRTM,--,31-Jul,10:22:00,8-Aug,15-Sep,ESTELLE MAERSK ,532W,,,,,,,,,,,,,,,,,,,,,,,,,,,,,,,,,,,,,,,,,,,31-Jul,8-Aug,15-Sep,ESTELLE MAERSK ,532W
YES,AP > NA,AP,NA,CN,CN E.,32,WAL,EGLV,SC50089,EVER FRANK,1076-015E,EGLV143370387491,180080012,Confirmed,N,CNNGB,CNNGB,USLAX,USLAX,CYP/CYP,08-Aug,08-Aug,40HCx2,2,40HCx2,2,17-Jul,1,2.25,2.25,0,N,0,7,ETD as req,N,,,,,,,08-Aug,08-Aug,17-Jul,Yes,,,Walmart,Ningbo,Bkg Agnt,Yes,202347316017,08-Aug,"CNNGB - Ningbo, CN","CNNGB - Ningbo, CN","USLAX - Los Angeles, US","USLAX - Los Angeles, US",Ports of Ningbo,"Los Angeles / Long Beach, CA, US",08-Aug,08-Aug,,TSL202307140828,No,No,,2025-07-14T09:36:01.477Z,2025-07-18T09:55:29.395Z,2025-07-14,2025-07-18,7,Accepted,WORLDEX,31-Jul,,0,,,,,EVER FRANK,1076-015E,--,40HC,2,,,,,3,,,40HC,2,,,,,3,,,08-Aug,FALSE,08-Aug,FALSE,08-Aug,08-Aug,CNNGBUSLAX,17,,,,,,,,,,,,,,,,,,,,,,,,,,,,,,,,,,,,,,,,,,,,,,,,,,,,,
YES,AP > NA,AP,NA,CN,CN E.,32,HOD,EGLV,SC50089,EVER FRANK,1076-015E,EGLV143370388047,180080028,Pending,N,CNNGB,CNNGB,USLAX,USLAX,CYP/CYP,08-Aug,,40HCx1,1,,,,,1.125,,--,N,--,--,--,--,,,,,,,,,,Yes,,,Home Depot,Ningbo,Bkg Agnt,Yes,202347333994,08-Aug,"CNNGB - Ningbo, CN","CNNGB - Ningbo, CN","USLAX - Los Angeles, US","USLAX - Los Angeles, US",Ports of Ningbo,"Los Angeles / Long Beach, CA, US",08-Aug,,,TSL202307210277,No,No,,2025-07-21T03:46:12.638Z,2025-07-24T08:15:26.837Z,2025-07-21,2025-07-24,7,Accepted,WORLDEX,30-Jul,,0,,,,,,,no vessel,40HC,1,,,,,3,,,,,,,,,,,,08-Aug,FALSE,,FALSE,--,--,CNNGBUSLAX,17,,,,,,,,,,,,,,,,,,,,,,,,,,,,,,,,,,,,,,,,,,,,,,,,,,,,,
YES,AP > NA,AP,NA,CN,CN E.,32,HOD,EGLV,SC50089,EVER FRANK,1076-015E,EGLV143370388102,180080029,Pending,N,CNNGB,CNNGB,USLAX,USLAX,CYP/CYP,08-Aug,,40HCx1,1,,,,,1.125,,--,N,--,--,--,--,,,,,,,,,,Yes,,,Home Depot,Ningbo,Bkg Agnt,Yes,202347309368,08-Aug,"CNNGB - Ningbo, CN","CNNGB - Ningbo, CN","USLAX - Los Angeles, US","USLAX - Los Angeles, US",Ports of Ningbo,"Los Angeles / Long Beach, CA, US",08-Aug,,,TSL202307210284,No,No,,2025-07-21T03:55:57.341Z,2025-07-24T08:20:25.769Z,2025-07-21,2025-07-24,7,Accepted,WORLDEX,30-Jul,,0,,,,,,,no vessel,40HC,1,,,,,3,,,,,,,,,,,,08-Aug,FALSE,,FALSE,--,--,CNNGBUSLAX,17,,,,,,,,,,,,,,,,,,,,,,,,,,,,,,,,,,,,,,,,,,,,,,,,,,,,,
YES,AP > NA,AP,NA,CN,CN E.,32,COS,EGLV,SC50089,EVER FRANK,1076-015E,EGLV143370387997,180080030,Canceled by requestor,N,CNNGB,CNNGB,USLAX,USLAX,CYP/CYP,08-Aug,,40GPx2,2,,,,1,2,,--,N,--,--,--,--,,,,,,,,,,Yes,,,Costco,Ningbo,Bkg Agnt,Yes,202347466828,08-Aug,"CNNGB - Ningbo, CN","CNNGB - Ningbo, CN","USLAX - Los Angeles, US","USLAX - Los Angeles, US",Ports of Ningbo,"Los Angeles / Long Beach, CA, US",08-Aug,08-Aug,,TSL202307210630,No,No,,2025-07-21T07:35:57.289Z,2025-07-31T06:05:24.801Z,2025-07-21,2025-07-31,7,Accepted,WORLDEX,30-Jul,,0,,,,,,,no vessel,40GP,2,,,,,2,,,,,,,,,,,,08-Aug,FALSE,,FALSE,--,--,CNNGBUSLAX,17,,,,,,,,,,,,,,,,,,,,,,,,,,,,,,,,,,,,,,,,,,,,,,,,,,,,,
yes 1 vessel - allocation,AP > EU,AP,EU,CN,CN E.,33,SIE,CMDU,89-0000,EVER ARM,0LAKVW1MA,TSL202307210987,180080031,Pending,N,CNNGB,CNNGB,NLRTM,NLRTM,CYP/CYP,11-Aug,,40HCx1,1,,,,,1.125,,--,N,--,--,--,--,,,,,,,,,,Yes,,,Siemens AG,Ningbo,Bkg Agnt,Yes,202347424080,08-Aug,"CNNGB - Ningbo, CN","CNNGB - Ningbo, CN","NLRTM - Rotterdam, NL","NLRTM - Rotterdam, NL",Ports of Ningbo,"Rotterdam, NL",08-Aug,21-Sep,,TSL202307210987,No,No,,2025-07-21T10:06:02.735Z,2025-07-25T01:45:25.079Z,2025-07-21,2025-07-25,7,Accepted,WORLDEX,02-Aug,,0,,,,,,,no vessel,40HC,1,,,,,3,,,,,,,,,,,,11-Aug,FALSE,,FALSE,--,--,CNNGBNLRTM,--,,,,,,,,,,,,,,,,,,,,,,,,,,,,,,,,,,,,,,,,,,,,,,,,,,,,,
yes 1 vessel - allocation,AP > EU,AP,EU,CN,CN E.,33,PHI,CMDU,89-0000,EVER ARM,0LAKVW1MA,TSL202307210986,180080032,Confirmed,N,CNNGB,CNNGB,NLRTM,NLRTM,CYP/CYP,11-Aug,11-Aug,45HCx3,3,45HCx3,3,28-Jul,1,3.795,3.795,0,N,0,7,ETD as req,N,10-Aug,10:30:00 AM,10-Aug,10:30:00 AM,09-Aug,2:00:00 PM,09-Aug,21-Sep,28-Jul,Yes,,,Philips Healthcare,Ningbo,Bkg Agnt,Yes,202347398240,08-Aug,"CNNGB - Ningbo, CN","CNNGB - Ningbo, CN","NLRTM - Rotterdam, NL","NLRTM - Rotterdam, NL",Ports of Ningbo,"Rotterdam, NL",08-Aug,21-Sep,,TSL202307210986,No,No,,2025-07-21T10:06:02.735Z,2025-07-25T01:45:26.864Z,2025-07-21,2025-07-25,7,Accepted,WORLDEX,02-Aug,,0,,,,,EVER ARM,0LAKVW1MA,--,45HC,3,,,,,4,,,45HC,3,,,,,4,,,11-Aug,FALSE,11-Aug,FALSE,21-Sep,21-Sep,CNNGBNLRTM,--,,,,,,,,,,,,,,,,,,,,,,,,,,,,,,,,,,,,,,,,,,,,,,,,,,,,,
yes 1 vessel - allocation,AP > EU,AP,EU,CN,CN E.,33,UNI,CMDU,89-0000,EVER ARM,0LAKVW1MA,TSL202307210989,180080033,Pending,N,CNNGB,CNNGB,NLRTM,NLRTM,CYP/CYP,11-Aug,,40GPx1,1,,,,,1,,--,N,--,--,--,--,,,,,,,,,,Yes,,,UNILEVER,Ningbo,Bkg Agnt,Yes,202347393130,08-Aug,"CNNGB - Ningbo, CN","CNNGB - Ningbo, CN","NLRTM - Rotterdam, NL","NLRTM - Rotterdam, NL",Ports of Ningbo,"Rotterdam, NL",08-Aug,21-Sep,,TSL202307210989,No,No,,2025-07-21T10:06:02.735Z,2025-07-25T01:45:25.507Z,2025-07-21,2025-07-25,7,Accepted,WORLDEX,02-Aug,,0,,,,,,,no vessel,40GP,1,,,,,2,,,,,,,,,,,,11-Aug,FALSE,,FALSE,--,--,CNNGBNLRTM,--,,,,,,,,,,,,,,,,,,,,,,,,,,,,,,,,,,,,,,,,,,,,,,,,,,,,,
yes 1 vessel - allocation,AP > EU,AP,EU,CN,CN E.,33,LEN,CMDU,89-0000,EVER ARM,0LAKVW1MA,COSU6361812210,180080034,Pending,N,CNNGB,CNNGB,NLRTM,NLRTM,CYP/CYP,11-Aug,,40HCx1,1,,,,,1.125,,--,N,--,--,--,--,,,,,,,,,,Yes,,,Lenovo,Ningbo,Bkg Agnt,Yes,202347384578,08-Aug,"CNNGB - Ningbo, CN","CNNGB - Ningbo, CN","NLRTM - Rotterdam, NL","NLRTM - Rotterdam, NL",Ports of Ningbo,"Rotterdam, NL",08-Aug,21-Sep,,TSL202307210988,No,No,,2025-07-21T10:06:02.735Z,2025-07-25T01:55:22.281Z,2025-07-21,2025-07-25,7,Accepted,WORLDEX,02-Aug,,0,,,,,,,no vessel,40HC,1,,,,,3,,,,,,,,,,,,11-Aug,FALSE,,FALSE,--,--,CNNGBNLRTM,--,,,,,,,,,,,,,,,,,,,,,,,,,,,,,,,,,,,,,,,,,,,,,,,,,,,,,
yes 1 vessel - allocation,AP > EU,AP,EU,CN,CN E.,33,SIE,CMDU,89-0000,EVER ARM,0LAKVW1MA,TSL202307240107,180080040,Pending,N,CNNGB,CNNGB,NLRTM,NLRTM,CYP/CYP,11-Aug,,45HCx2,2,,,,,2.53,,--,N,--,--,--,--,,,,,,,,,,Yes,,,Siemens AG,Ningbo,Bkg Agnt,Yes,202347308733,08-Aug,"CNNGB - Ningbo, CN","CNNGB - Ningbo, CN","NLRTM - Rotterdam, NL","NLRTM - Rotterdam, NL",Ports of Ningbo,"Rotterdam, NL",08-Aug,21-Sep,,TSL202307240107,No,No,,2025-07-24T02:16:08.629Z,2025-07-26T02:11:11.613Z,2025-07-24,2025-07-26,7,Accepted,WORLDEX,03-Aug,,0,,,,,,,no vessel,45HC,2,,,,,4,,,,,,,,,,,,11-Aug,FALSE,,FALSE,--,--,CNNGBNLRTM,--,,,,,,,,,,,,,,,,,,,,,,,,,,,,,,,,,,,,,,,,,,,,,,,,,,,,,
yes 1 vessel - allocation,AP > EU,AP,EU,CN,CN E.,33,UNI,CMDU,89-0000,EVER ARM,0LAKVW1MA,TSL202307240104,180080041,Pending,N,CNNGB,CNNGB,GBFXT,GBFXT,CYP/CYP,11-Aug,,40HCx4,4,,,,,4.5,,--,N,--,--,--,--,,,,,,,,,,Yes,,,UNILEVER,Ningbo,Bkg Agnt,Yes,202347318607,08-Aug,"CNNGB - Ningbo, CN","CNNGB - Ningbo, CN","GBFXT - Felixstowe, GB","GBFXT - Felixstowe, GB",Ports of Ningbo,Felixstone,08-Aug,25-Sep,,TSL202307240104,No,No,,2025-07-24T02:16:08.629Z,2025-07-26T02:11:22.926Z,2025-07-24,2025-07-26,7,Accepted,WORLDEX,02-Aug,,0,,,,,,,no vessel,40HC,4,,,,,3,,,,,,,,,,,,11-Aug,FALSE,,FALSE,--,--,CNNGBGBFXT,--,,,,,,,,,,,,,,,,,,,,,,,,,,,,,,,,,,,,,,,,,,,,,,,,,,,,,
yes 1 vessel - allocation,AP > EU,AP,EU,CN,CN E.,33,PHI,CMDU,89-0000,EVER ARM,0LAKVW1MA,TSL202307240105,180080042,Pending,N,CNNGB,CNNGB,NLRTM,NLRTM,CYP/CYP,11-Aug,,45HCx2,2,,,,,2.53,,--,N,--,--,--,--,,,,,,,,,,Yes,,,Philips Healthcare,Ningbo,Bkg Agnt,Yes,202347347566,08-Aug,"CNNGB - Ningbo, CN","CNNGB - Ningbo, CN","NLRTM - Rotterdam, NL","NLRTM - Rotterdam, NL",Ports of Ningbo,"Rotterdam, NL",08-Aug,21-Sep,,TSL202307240105,No,No,,2025-07-24T02:16:08.629Z,2025-07-26T02:12:01.518Z,2025-07-24,2025-07-26,7,Accepted,WORLDEX,03-Aug,,0,,,,,,,no vessel,45HC,2,,,,,4,,,,,,,,,,,,11-Aug,FALSE,,FALSE,--,--,CNNGBNLRTM,--,,,,,,,,,,,,,,,,,,,,,,,,,,,,,,,,,,,,,,,,,,,,,,,,,,,,,
yes 1 vessel - allocation,AP > EU,AP,EU,CN,CN E.,33,PHI,CMDU,89-0000,EVER ARM,0LAKVW1MA,TSL202307240106,180080043,Pending,N,CNNGB,CNNGB,NLRTM,NLRTM,CYP/CYP,11-Aug,,45HCx1,1,,,,,1.265,,--,N,--,--,--,--,,,,,,,,,,Yes,,,Philips Healthcare,Ningbo,Bkg Agnt,Yes,202347381798,08-Aug,"CNNGB - Ningbo, CN","CNNGB - Ningbo, CN","NLRTM - Rotterdam, NL","NLRTM - Rotterdam, NL",Ports of Ningbo,"Rotterdam, NL",08-Aug,21-Sep,,TSL202307240106,No,No,,2025-07-24T02:16:08.629Z,2025-07-26T02:15:21.850Z,2025-07-24,2025-07-26,7,Accepted,WORLDEX,02-Aug,,0,,,,,,,no vessel,45HC,1,,,,,4,,,,,,,,,,,,11-Aug,FALSE,,FALSE,--,--,CNNGBNLRTM,--,,,,,,,,,,,,,,,,,,,,,,,,,,,,,,,,,,,,,,,,,,,,,,,,,,,,,
yes 1 vessel - allocation,AP > EU,AP,EU,CN,CN E.,33,LEN,CMDU,89-0000,EVER ARM,0LAKVW1MA,TSL202307240131,180080044,Confirmed,N,CNNGB,CNNGB,NLRTM,NLRTM,CYP/CYP,11-Aug,11-Aug,"40HCx1, 45HCx2",3,"40HCx1, 45HCx2",3,28-Jul,1,3.655,3.655,0,N,0,7,ETD as req,N,10-Aug,10:30:00 AM,10-Aug,10:30:00 AM,09-Aug,2:00:00 PM,09-Aug,21-Sep,28-Jul,Yes,,,Lenovo,Ningbo,Bkg Agnt,Yes,202347455376,08-Aug,"CNNGB - Ningbo, CN","CNNGB - Ningbo, CN","NLRTM - Rotterdam, NL","NLRTM - Rotterdam, NL",Ports of Ningbo,"Rotterdam, NL",08-Aug,21-Sep,,TSL202307240131,No,No,,2025-07-24T02:16:08.629Z,2025-07-26T02:15:24.345Z,2025-07-24,2025-07-26,7,Accepted,WORLDEX,04-Aug,,0,,,,,EVER ARM,0LAKVW1MA,--,40HC,1,45HC,2,,,3,4,,40HC,1,45HC,2,,,3,4,,11-Aug,FALSE,11-Aug,FALSE,21-Sep,21-Sep,CNNGBNLRTM,--,,,,,,,,,,,,,,,,,,,,,,,,,,,,,,,,,,,,,,,,,,,,,,,,,,,,,
YES,AP > NA,AP,NA,CN,CN E.,32,TGT,HLCU,HH2000,CSCL EAST CHINA SEA,058E,TSL202307240130,180080045,Pending,N,CNNGB,CNNGB,USLGB,USLGB,CYP/CYP,08-Aug,,40HCx1,1,,,,,1.125,,--,N,--,--,--,--,,,,,,,,,,Yes,,,Target,Ningbo,Bkg Agnt,Yes,202347214171,08-Aug,"CNNGB - Ningbo, CN","CNNGB - Ningbo, CN","USLGB - Long Beach, US","USLGB - Long Beach, US",Ports of Ningbo,"Los Angeles / Long Beach, CA, US",08-Aug,,,TSL202307240130,No,No,,2025-07-24T02:26:01.458Z,2025-07-26T02:15:22.040Z,2025-07-24,2025-07-26,7,Accepted,WORLDEX,01-Aug,,0,,,,,,,no vessel,40HC,1,,,,,3,,,,,,,,,,,,08-Aug,FALSE,,FALSE,--,--,CNNGBUSLGB,19,,,,,,,,,,,,,,,,,,,,,,,,,,,,,,,,,,,,,,,,,,,,,,,,,,,,,
YES,AP > NA,AP,NA,CN,CN E.,32,TGT,HLCU,HH2000,CSCL EAST CHINA SEA,058E,TSL202307240132,180080046,Pending,N,CNNGB,CNNGB,USLGB,USLGB,CYP/CYP,08-Aug,,"40GPx1, 40HCx1",2,,,,,2.125,,--,N,--,--,--,--,,,,,,,,,,Yes,,,Target,Ningbo,Bkg Agnt,Yes,202347207051,08-Aug,"CNNGB - Ningbo, CN","CNNGB - Ningbo, CN","USLGB - Long Beach, US","USLGB - Long Beach, US",Ports of Ningbo,"Los Angeles / Long Beach, CA, US",08-Aug,,,TSL202307240132,No,No,,2025-07-24T02:26:01.458Z,2025-07-26T02:15:22.767Z,2025-07-24,2025-07-26,7,Accepted,WORLDEX,01-Aug,,0,,,,,,,no vessel,40GP,1,40HC,1,,,2,3,,,,,,,,,,,08-Aug,FALSE,,FALSE,--,--,CNNGBUSLGB,19,,,,,,,,,,,,,,,,,,,,,,,,,,,,,,,,,,,,,,,,,,,,,,,,,,,,,
YES,AP > NA,AP,NA,CN,CN E.,32,TGT,HLCU,HH2000,CSCL EAST CHINA SEA,058E,TSL202307240129,180080047,Pending,N,CNNGB,CNNGB,USLGB,USLGB,CYP/CYP,08-Aug,,40GPx2,2,,,,,2,,--,N,--,--,--,--,,,,,,,,,,Yes,,,Target,Ningbo,Bkg Agnt,Yes,202347206887,08-Aug,"CNNGB - Ningbo, CN","CNNGB - Ningbo, CN","USLGB - Long Beach, US","USLGB - Long Beach, US",Ports of Ningbo,"Los Angeles / Long Beach, CA, US",08-Aug,,,TSL202307240129,No,No,,2025-07-24T02:26:01.458Z,2025-07-26T02:15:26.054Z,2025-07-24,2025-07-26,7,Accepted,WORLDEX,01-Aug,,0,,,,,,,no vessel,40GP,2,,,,,2,,,,,,,,,,,,08-Aug,FALSE,,FALSE,--,--,CNNGBUSLGB,19,,,,,,,,,,,,,,,,,,,,,,,,,,,,,,,,,,,,,,,,,,,,,,,,,,,,,
YES,AP > NA,AP,NA,CN,CN E.,32,COS,HLCU,HH2000,CSCL EAST CHINA SEA,058E,TSL202307240134,180080048,Pending,N,CNNGB,CNNGB,USLGB,USLGB,CYP/CYP,08-Aug,,40HCx1,1,,,,,1.125,,--,N,--,--,--,--,,,,,,,,,,Yes,,,Costco,Ningbo,Bkg Agnt,Yes,202347288477,08-Aug,"CNNGB - Ningbo, CN","CNNGB - Ningbo, CN","USLGB - Long Beach, US","USLGB - Long Beach, US",Ports of Ningbo,"Los Angeles / Long Beach, CA, US",08-Aug,,,TSL202307240134,No,No,,2025-07-24T02:26:01.458Z,2025-07-26T02:15:27.772Z,2025-07-24,2025-07-26,7,Accepted,WORLDEX,01-Aug,,0,,,,,,,no vessel,40HC,1,,,,,3,,,,,,,,,,,,08-Aug,FALSE,,FALSE,--,--,CNNGBUSLGB,19,,,,,,,,,,,,,,,,,,,,,,,,,,,,,,,,,,,,,,,,,,,,,,,,,,,,,
YES,AP > NA,AP,NA,CN,CN E.,32,HOD,HLCU,HH2000,CSCL EAST CHINA SEA,058E,TSL202307240133,180080049,Pending,N,CNNGB,CNNGB,USLGB,USLGB,CYP/CYP,08-Aug,,40HCx1,1,,,,,1.125,,--,N,--,--,--,--,,,,,,,,,,Yes,,,Home Depot,Ningbo,Bkg Agnt,Yes,202347310977,08-Aug,"CNNGB - Ningbo, CN","CNNGB - Ningbo, CN","USLGB - Long Beach, US","USLGB - Long Beach, US",Ports of Ningbo,"Los Angeles / Long Beach, CA, US",08-Aug,,,TSL202307240133,No,No,,2025-07-24T02:26:01.458Z,2025-07-26T02:15:22.844Z,2025-07-24,2025-07-26,7,Accepted,WORLDEX,01-Aug,,0,,,,,,,no vessel,40HC,1,,,,,3,,,,,,,,,,,,08-Aug,FALSE,,FALSE,--,--,CNNGBUSLGB,19,,,,,,,,,,,,,,,,,,,,,,,,,,,,,,,,,,,,,,,,,,,,,,,,,,,,,
YES,AP > NA,AP,NA,CN,CN E.,32,HOD,HLCU,HH2000,CSCL EAST CHINA SEA,058E,TSL202307240159,180080050,Pending,N,CNNGB,CNNGB,USLGB,USLGB,CYP/CYP,08-Aug,,45HCx2,2,,,,,2.53,,--,N,--,--,--,--,,,,,,,,,,Yes,,,Home Depot,Ningbo,Bkg Agnt,Yes,202347351762,08-Aug,"CNNGB - Ningbo, CN","CNNGB - Ningbo, CN","USLGB - Long Beach, US","USLGB - Long Beach, US",Ports of Ningbo,"Los Angeles / Long Beach, CA, US",08-Aug,,,TSL202307240159,No,No,,2025-07-24T02:26:01.458Z,2025-07-26T02:20:43.775Z,2025-07-24,2025-07-26,7,Accepted,WORLDEX,01-Aug,,0,,,,,,,no vessel,45HC,2,,,,,4,,,,,,,,,,,,08-Aug,FALSE,,FALSE,--,--,CNNGBUSLGB,19,,,,,,,,,,,,,,,,,,,,,,,,,,,,,,,,,,,,,,,,,,,,,,,,,,,,,
yes,AP > EU,AP,EU,CN,CN N.,33,HMH,MAEU,90-0080,MUNICH MAERSK,533W,TBD,180080067,Pending,N,CNTAO,CNTAO,DEHAM,DEHAM,CYP/CYP,12-Aug,,40HCx1,1,,,,,1.125,,--,N,--,--,--,--,,,,,,,,,,No,,,H&M Home,Qingdao,Bkg Agnt,Yes,202347523428,03-Sep,"CNTAO - Qingdao, CN","CNTAO - Qingdao, CN","DEHAM - Hamburg, DE","DEHAM - Hamburg, DE",Ports of Qingdao,"Hamburg, DE",03-Sep,,,,No,No,,2025-08-01T03:05:59.947Z,2025-08-01T03:40:33.400Z,2025-08-01,2025-08-01,8,Request Pending,WORLDEX,05-Aug, 11.00 ,0,,,,,,,no vessel,40HC,1,,,,,3,,,,,,,,,,,,12-Aug,FALSE,,FALSE,--,--,CNTAODEHAM,35,,,,,,,,,,,,,,,,,,,,,,,,,,,,,,,,,,,,,,,,,,,,,,,,,,,,,
yes,AP > EU,AP,EU,CN,CN N.,33,KFL,MAEU,90-0080,MUNICH MAERSK,533W,TBD,180080068,Pending,N,CNTAO,CNTAO,DEHAM,DEHAM,CYP/CYP,12-Aug,,40HCx1,1,,,,,1.125,,--,N,--,--,--,--,,,,,,,,,,No,,,Kaufland,Qingdao,Bkg Agnt,Yes,202347523667,10-Sep,"CNTAO - Qingdao, CN","CNTAO - Qingdao, CN","DEHAM - Hamburg, DE","DEHAM - Hamburg, DE",Ports of Qingdao,"Hamburg, DE",10-Sep,,,,No,No,,2025-08-01T03:05:59.947Z,2025-08-01T03:40:40.924Z,2025-08-01,2025-08-01,8,Request Pending,WORLDEX,04-Aug, 11.00 ,0,,,,,,,no vessel,40HC,1,,,,,3,,,,,,,,,,,,12-Aug,FALSE,,FALSE,--,--,CNTAODEHAM,35,,,,,,,,,,,,,,,,,,,,,,,,,,,,,,,,,,,,,,,,,,,,,,,,,,,,,
yes,AP > EU,AP,EU,CN,CN N.,33,HMH,MAEU,90-0080,MUNICH MAERSK,533W,TBD,180080069,Pending,N,CNTAO,CNTAO,DEHAM,DEHAM,CYP/CYP,12-Aug,,40HCx1,1,,,,,1.125,,--,N,--,--,--,--,,,,,,,,,,No,,,H&M Home,Qingdao,Bkg Agnt,Yes,202347523845,17-Sep,"CNTAO - Qingdao, CN","CNTAO - Qingdao, CN","DEHAM - Hamburg, DE","DEHAM - Hamburg, DE",Ports of Qingdao,"Hamburg, DE",17-Sep,,,,No,No,,2025-08-01T03:05:59.947Z,2025-08-01T03:40:42.350Z,2025-08-01,2025-08-01,8,Request Pending,WORLDEX,04-Aug, 11.00 ,0,,,,,,,no vessel,40HC,1,,,,,3,,,,,,,,,,,,12-Aug,FALSE,,FALSE,--,--,CNTAODEHAM,35,,,,,,,,,,,,,,,,,,,,,,,,,,,,,,,,,,,,,,,,,,,,,,,,,,,,,
yes,AP > EU,AP,EU,CN,CN N.,33,KFL,MAEU,90-0080,MUNICH MAERSK,533W,TBD,180080070,Pending,N,CNTAO,CNTAO,DEHAM,DEHAM,CYP/CYP,12-Aug,,40HCx1,1,,,,,1.125,,--,N,--,--,--,--,,,,,,,,,,No,,,Kaufland,Qingdao,Bkg Agnt,Yes,202347524036,24-Sep,"CNTAO - Qingdao, CN","CNTAO - Qingdao, CN","DEHAM - Hamburg, DE","DEHAM - Hamburg, DE",Ports of Qingdao,"Hamburg, DE",24-Sep,,,,No,No,,2025-08-01T03:05:59.947Z,2025-08-01T03:40:24.119Z,2025-08-01,2025-08-01,8,Request Pending,WORLDEX,05-Aug, 11.00 ,0,,,,,,,no vessel,40HC,1,,,,,3,,,,,,,,,,,,12-Aug,FALSE,,FALSE,--,--,CNTAODEHAM,35,,,,,,,,,,,,,,,,,,,,,,,,,,,,,,,,,,,,,,,,,,,,,,,,,,,,,
yes pdf (2X) issue ETD good example for timeline,AP > EU,AP,EU,CN,CN S.,33,SIE,HLCU,HH2000,MARGRETHE MAERSK,532W,38538244,180080074,Confirmed,Y,CNYTN,CNYTN,NLRTM,NLRTM,CYP/CYP,12-Aug,16-Aug,45HCx1,1,45HCx1,1,13-Aug,4,1.265,1.265,0,N,4,9,ETD is 3 to 6 days later than req.,Y,17-Aug,13:00,17-Aug,13:00,16-Aug,14:00,20-Aug,22-Sep,15-Jul,yes,,,Siemens AG,China S,Direct,Yes,202347409533,12-Aug,"CNYTN - Yantian, CN","CNYTN - Yantian, CN","NLRTM - Rotterdam, NL","NLRTM - Rotterdam, NL",CN S.,"Rotterdam, NL",,,,,No,No,,2025-07-13T08:16:20.270Z,2025-07-16T08:46:44.622Z,2025-07-13,2025-07-16,7,,,05-Aug, 30.00 ,-29,,,,,MARCHEN MAERSK,533W,Vessel Change,45HC,1,,,,,4,,,45HC,1,,,,,4,,,12-Aug,FALSE,16-Aug,FALSE,19-Sep,19-Sep,CNYTNNLRTM,--,15-Jul,11:39:12,12-Aug,15-Sep,MARGRETHE MAERSK ,533W,16-Jul,5:30:12,16-Aug,5-Oct,MUNICH MAERSK ,533W,1-Aug,18:31:32,16-Aug,5-Oct,MUNICH MAERSK ,533W,13-Aug,12:29:48,20-Aug,22-Sep,MARCHEN MAERSK,533W,,,,,,,,,,,,,,,,,,,,,,,,,13-Aug,20-Aug,22-Sep,MARCHEN MAERSK,533W
NEW 8 PDF versions,AP > EU,AP,EU,CN,CN S.,33,KFL,HLCU,HH2000,MARGRETHE MAERSK,329W,93396744,180080076,Confirmed,Y,CNYTN,CNYTN,DEHAM,DEHAM,CYP/CYP,12-Aug,15-Aug,40HCx1,1,40HCx1,1,11-Aug,8,1.125,1.125,0,N,3,9,ETD is 3 to 6 days later than req.,Y,13-Aug,12:00,13-Aug,12:00,09-Aug,17:00,15-Aug,18-Sep,23-Jul,yes,,,Kaufland,China S,Direct,yes,202347,12-Aug,"CNYTN - Yantian, CN","CNYTN - Yantian, CN","DEHAM - Hamburg, DE","DEHAM - Hamburg, DE",CN S.,"Hamburg, DE",,,,,No,No,,2025-07-17T08:16:20.270Z,2025-07-10T08:48:02.774Z,2025-07-17,2025-07-10,7,,,06-Aug, 26.00 ,-19,,,,,MARGRETHE MAERSK ,532W,Vessel Change,40HC,1,,,,,3,,,40HC,1,,,,,3,,,12-Aug,FALSE,15-Aug,FALSE,15-Sep,15-Sep,CNYTNDEHAM,--,23-Jul,2:48:49,12-Aug,18-Sep,MARGRETHE MAERSK ,532W,6-Aug,10:23:34,13-Aug,18-Sep,MARGRETHE MAERSK ,532W,7-Aug,15:37:35,13-Aug,18-Sep,MARGRETHE MAERSK ,532W,8-Aug,7:28:42,13-Aug,18-Sep,MARGRETHE MAERSK ,532W,8-Aug,13:38:46,14-Aug,18-Sep,MARGRETHE MAERSK ,532W,9-Aug,8:39:49,12-Aug,18-Sep,MAERSK HIDALGO,532W,10-Aug,6:48:17,19-Aug,25-Sep,MARCHEN MAERSK,533W,11-Aug,6:56:13,15-Aug,18-Sep,MARGRETHE MAERSK ,532W,11-Aug,15-Aug,18-Sep,MARGRETHE MAERSK ,532W
Yes transport plan - 2 T/S,AP > EU,AP,EU,CN,CN S.,33,HMH,HLCU,HH2000,MARGRETHE MAERSK ,532W,37549729,180080022,Confirmed,N,CNYTN,CNYTN,PLGDY,PLGDY,CYP/CYP,13-Aug,12-Aug,45HCx1,1,45HCx1,1,24-Jul,1,1.265,1.265,0,N,-1,6,ETD within tolerance earlier,N,10-Aug,13:00,10-Aug,13:00,09-Aug,14:00,13-Aug,30-Sep,24-Jul,Yes,AL DAHNA EXPRESS,533W,H&M Home,S.China,Direct,Yes,202347409533,13-Aug,"CNYTN - Yantian, CN","CNYTN - Yantian, CN","PLGDY - Gdynia, PL","PLGDY - Gdynia, PL",CN S.,,,,,,No,No,,2025-07-18T06:58:00.000Z,2025-08-03T12:36:34.844Z,2025-07-18,2025-08-03,7,Accepted,,05-Aug, 26.00 ,0,MYTPP,DEWVN,SONGA PANTHER ,2538E,MARGRETHE MAERSK ,532W,--,45HC,1,,,,,4,,,45HC,1,,,,,4,,,13-Aug,FALSE,12-Aug,FALSE,02-Oct,02-Oct,CNYTNPLGDY,--,,,,,,,,,,,,,,,,,,,,,,,,,,,,,,,,,,,,,,,,,,,,,,,,,,,,,
yes,AP > EU,AP,EU,CN,CN S.,33,BBY,MAEU,90-0080,MUNICH MAERSK,533W,TBD,180080053,Pending,N,CNYTN,CNYTN,DEHAM,DEHAM,CYP/CYP,15-Aug,16-Aug,40HCx4,4,,,,,4.5,,--,N,--,--,--,--,,,,,,,,,,Yes,,,Best Buy,S.China,Direct,Yes,202347449932,15-Aug,"CNYTN - Yantian, CN","CNYTN - Yantian, CN","DEHAM - Hamburg, DE","DEHAM - Hamburg, DE",CN S.,"Hamburg, DE",,,,,No,No,,2025-07-26T02:25:52.482Z,2025-07-31T03:10:34.332Z,2025-07-26,2025-07-31,7,Request Pending,,07-Aug, 20.00 ,0,,,,,,,no vessel,40HC,4,,,,,3,,,,,,,,,,,,15-Aug,FALSE,16-Aug,FALSE,--,--,CNYTNDEHAM,--,,,,,,,,,,,,,,,,,,,,,,,,,,,,,,,,,,,,,,,,,,,,,,,,,,,,,
yes pdf,AP > EU,AP,EU,CN,CN S.,33,HMH,HLCU,HH2000,MUNICH MAERSK,533W,13545758,180080075,Confirmed,N,CNYTN,CNYTN,DEHAM,DEHAM,CYP/CYP,15-Aug,16-Aug,45HCx1,1,45HCx1,1,01-Aug,2,1.265,1.265,0,N,1,8,ETD within tolerance later,N,15-Aug,17:00,14-Aug,17:00,13-Aug,17:00,16-Aug,23-Sep,16-Jul,Yes,,,H&M Home,S.China,Direct,Yes,202347449845,15-Aug,"CNYTN - Yantian, CN","CNYTN - Yantian, CN","DEHAM - Hamburg, DE","DEHAM - Hamburg, DE",CN S.,"Hamburg, DE",16-Aug,01-Sep,,,No,No,,2025-07-26T02:16:11.285Z,2025-07-16T03:10:30.250Z,2025-07-26,2025-07-16,7,Accepted,,07-Aug, 20.00 ,-16,,,,,MUNICH MAERSK ,533W,Vessel Change,45HC,1,,,,,4,,,45HC,1,,,,,4,,,15-Aug,FALSE,16-Aug,FALSE,22-Sep,22-Sep,CNYTNDEHAM,--,16-Jul,3:07:34,16-Aug,23-Sep,MUNICH MAERSK ,533W,1-Aug,18:31:48,16-Aug,23-Sep,MUNICH MAERSK ,533W,,,,,,,,,,,,,,,,,,,,,,,,,,,,,,,,,,,,,1-Aug,16-Aug,23-Sep,MUNICH MAERSK ,533W
yes 1 vessel - allocation,AP > EU,AP,EU,CN,CN E.,32,SIE,CMDU,89-0000,EVER ARM,0LAKVW1MA,6362312780,180080054,Confirmed,N,CNSHA,CNSHA,NLRTM,NLRTM,CYP/CYP,09-Aug,09-Aug,40HCx6,6,40HCx6,6,26-Jul,1,6.75,6.75,0,N,0,7,ETD as req,N,12-Aug,1:30:00 PM,12-Aug,1:30:00 PM,11-Aug,11:00:00 AM,09-Aug,21-Sep,26-Jul,Yes,,,Siemens AG,S.China,Direct,Yes,202347454779,09-Aug,"CNSHA - Shanghai, CN","CNSHA - Shanghai, CN","NLRTM - Rotterdam, NL","NLRTM - Rotterdam, NL",Ports of Shanghai,"Rotterdam, NL",09-Aug,21-Sep,,,No,No,,2025-07-31T03:36:13.071Z,2025-08-01T08:15:21.424Z,2025-07-31,2025-08-01,7,Accepted,,31-Jul,,0,,,,,EVER ARM,0LAKVW1MA,--,40HC,6,,,,,3,,,40HC,6,,,,,3,,,09-Aug,FALSE,09-Aug,FALSE,21-Sep,21-Sep,CNSHANLRTM,--,,,,,,,,,,,,,,,,,,,,,,,,,,,,,,,,,,,,,,,,,,,,,,,,,,,,,
yes 1 vessel - allocation,AP > EU,AP,EU,CN,CN E.,32,PHI,CMDU,89-0000,EVER ARM,0LAKVW1MA,6362376580,180080055,Confirmed,N,CNSHA,CNSHA,NLRTM,NLRTM,CYP/CYP,09-Aug,09-Aug,"40HCx1, 45HCx2",3,"40HCx1, 45HCx2",3,27-Jul,1,3.655,3.655,0,N,0,7,ETD as req,N,12-Aug,1:30:00 PM,12-Aug,1:30:00 PM,11-Aug,11:00:00 AM,09-Aug,21-Sep,27-Jul,Yes,,,Philips Healthcare,S.China,Direct,Yes,202347438464,09-Aug,"CNSHA - Shanghai, CN","CNSHA - Shanghai, CN","NLRTM - Rotterdam, NL","NLRTM - Rotterdam, NL",Ports of Shanghai,"Rotterdam, NL",09-Aug,21-Sep,,,No,No,,2025-07-31T10:26:02.116Z,2025-08-04T02:10:44.883Z,2025-07-31,2025-08-04,7,Accepted,,02-Aug,,0,,,,,EVER ARM,0LAKVW1MA,--,40HC,1,45HC,2,,,3,4,,40HC,1,45HC,2,,,3,4,,09-Aug,FALSE,09-Aug,FALSE,21-Sep,21-Sep,CNSHANLRTM,--,,,,,,,,,,,,,,,,,,,,,,,,,,,,,,,,,,,,,,,,,,,,,,,,,,,,,
yes 1 vessel - allocation,AP > EU,AP,EU,CN,CN E.,32,UNI,CMDU,89-0000,EVER ARM,0LAKVW1MA,6362376650,180080056,Confirmed,N,CNSHA,CNSHA,GBFXT,GBFXT,CYP/CYP,09-Aug,09-Aug,40HCx1,1,40HCx1,1,26-Jul,1,1.125,1.125,0,N,0,7,ETD as req,N,12-Aug,1:30:00 PM,12-Aug,1:30:00 PM,11-Aug,11:00:00 AM,09-Aug,21-Sep,26-Jul,Yes,,,UNILEVER,S.China,Direct,Yes,202347438464,09-Aug,"CNSHA - Shanghai, CN","CNSHA - Shanghai, CN","GBFXT - Felixstowe, GB","GBFXT - Felixstowe, GB",Ports of Shanghai,Felixstone,09-Aug,25-Sep,,,No,No,,2025-07-31T10:26:02.116Z,2025-08-04T02:10:45.013Z,2025-07-31,2025-08-04,7,Accepted,,02-Aug,,0,,,,,EVER ARM,0LAKVW1MA,--,40HC,1,,,,,3,,,40HC,1,,,,,3,,,09-Aug,FALSE,09-Aug,FALSE,21-Sep,21-Sep,CNSHAGBFXT,--,,,,,,,,,,,,,,,,,,,,,,,,,,,,,,,,,,,,,,,,,,,,,,,,,,,,,
yes 1 vessel - allocation,AP > EU,AP,EU,CN,CN E.,32,UNI,CMDU,89-0000,EVER ARM,0LAKVW1MA,6362376570,180080057,Confirmed,N,CNSHA,CNSHA,GBFXT,GBFXT,CYP/CYP,09-Aug,09-Aug,40HCx1,1,40HCx1,1,27-Jul,1,1.125,1.125,0,N,0,7,ETD as req,N,12-Aug,1:30:00 PM,12-Aug,1:30:00 PM,11-Aug,11:00:00 AM,09-Aug,25-Sep,27-Jul,Yes,,,UNILEVER,S.China,Direct,Yes,202347423479,09-Aug,"CNSHA - Shanghai, CN","CNSHA - Shanghai, CN","GBFXT - Felixstowe, GB","GBFXT - Felixstowe, GB",Ports of Shanghai,Felixstone,09-Aug,25-Sep,,,No,No,,2025-07-31T10:26:02.116Z,2025-08-04T02:10:48.158Z,2025-07-31,2025-08-04,7,Accepted,,01-Aug,,0,,,,,EVER ARM,0LAKVW1MA,--,40HC,1,,,,,3,,,40HC,1,,,,,3,,,09-Aug,FALSE,09-Aug,FALSE,25-Sep,25-Sep,CNSHAGBFXT,--,,,,,,,,,,,,,,,,,,,,,,,,,,,,,,,,,,,,,,,,,,,,,,,,,,,,,
yes 1 vessel - allocation,AP > EU,AP,EU,CN,CN S.,33,PHI,CMDU,89-0000,EVER ARM,0LAKVW1MA,6362376850,180080058,Pending,N,CNYTN,CNYTN,NLRTM,NLRTM,CYP/CYP,15-Aug,,40HCx1,1,,,,,1.125,,--,N,--,--,--,--,,,,,,,,,,Yes,,,Philips Healthcare,S.China,Direct,Yes,202347483465,15-Aug,"CNYTN - Yantian, CN","CNYTN - Yantian, CN","NLRTM - Rotterdam, NL","NLRTM - Rotterdam, NL",CN S.,"Rotterdam, NL",15-Aug,21-Sep,,,No,No,,2025-07-31T10:26:02.116Z,2025-08-04T02:10:37.412Z,2025-07-31,2025-08-04,7,Accepted,,08-Aug,,0,,,,,,,no vessel,40HC,1,,,,,3,,,,,,,,,,,,15-Aug,FALSE,,FALSE,--,--,CNYTNNLRTM,--,,,,,,,,,,,,,,,,,,,,,,,,,,,,,,,,,,,,,,,,,,,,,,,,,,,,,
yes 1 vessel - allocation,AP > EU,AP,EU,CN,CN S.,33,LEN,CMDU,89-0000,EVER ARM,0LAKVW1MA,6362376351,180080059,Pending,N,CNYTN,CNYTN,NLRTM,NLRTM,CYP/CYP,15-Aug,,40HCx1,1,,,,,1.125,,--,N,--,--,--,--,,,,,,,,,,Yes,,,Lenovo,S.China,Direct,Yes,202347482774,15-Aug,"CNYTN - Yantian, CN","CNYTN - Yantian, CN","NLRTM - Rotterdam, NL","NLRTM - Rotterdam, NL",CN S.,"Rotterdam, NL",15-Aug,21-Sep,,,No,No,,2025-07-31T10:26:02.116Z,2025-08-04T02:10:45.020Z,2025-07-31,2025-08-04,7,Accepted,,07-Aug,,0,,,,,,,no vessel,40HC,1,,,,,3,,,,,,,,,,,,15-Aug,FALSE,,FALSE,--,--,CNYTNNLRTM,--,,,,,,,,,,,,,,,,,,,,,,,,,,,,,,,,,,,,,,,,,,,,,,,,,,,,,
yes 1 vessel - allocation,AP > EU,AP,EU,CN,CN S.,33,LEN,CMDU,89-0000,EVER ARM,0LAKVW1MA,6362376740,180080060,Pending,N,CNYTN,CNYTN,NLRTM,NLRTM,CYP/CYP,15-Aug,,40HCx1,1,,,,,1.125,,--,N,--,--,--,--,,,,,,,,,,Yes,,,Lenovo,S.China,Direct,Yes,202347482774,15-Aug,"CNYTN - Yantian, CN","CNYTN - Yantian, CN","NLRTM - Rotterdam, NL","NLRTM - Rotterdam, NL",CN S.,"Rotterdam, NL",15-Aug,21-Sep,,,No,No,,2025-07-31T10:26:02.116Z,2025-08-04T02:10:45.020Z,2025-07-31,2025-08-04,7,Accepted,,08-Aug,,0,,,,,,,no vessel,40HC,1,,,,,3,,,,,,,,,,,,15-Aug,FALSE,,FALSE,--,--,CNYTNNLRTM,--,,,,,,,,,,,,,,,,,,,,,,,,,,,,,,,,,,,,,,,,,,,,,,,,,,,,,
yes 1 vessel - allocation,AP > EU,AP,EU,CN,CN S.,33,LEN,CMDU,89-0000,EVER ARM,0LAKVW1MA,6362377450,180080061,Pending,N,CNYTN,CNYTN,NLRTM,NLRTM,CYP/CYP,15-Aug,,40HCx1,1,,,,,1.125,,--,N,--,--,--,--,,,,,,,,,,Yes,,,Lenovo,S.China,Direct,Yes,202347482774,15-Aug,"CNYTN - Yantian, CN","CNYTN - Yantian, CN","NLRTM - Rotterdam, NL","NLRTM - Rotterdam, NL",CN S.,"Rotterdam, NL",15-Aug,21-Sep,,,No,No,,2025-07-31T10:26:02.116Z,2025-08-04T02:10:43.790Z,2025-07-31,2025-08-04,7,Accepted,,07-Aug,,0,,,,,,,no vessel,40HC,1,,,,,3,,,,,,,,,,,,15-Aug,FALSE,,FALSE,--,--,CNYTNNLRTM,--,,,,,,,,,,,,,,,,,,,,,,,,,,,,,,,,,,,,,,,,,,,,,,,,,,,,,
yes 1 vessel - allocation,AP > EU,AP,EU,CN,CN S.,33,PHI,CMDU,89-0000,EVER ARM,0LAKVW1MA,6362377510,180080062,Pending,N,CNYTN,CNYTN,NLRTM,NLRTM,CYP/CYP,15-Aug,,40HCx1,1,,,,,1.125,,--,N,--,--,--,--,,,,,,,,,,Yes,,,Philips Healthcare,S.China,Direct,Yes,202347482774,15-Aug,"CNYTN - Yantian, CN","CNYTN - Yantian, CN","NLRTM - Rotterdam, NL","NLRTM - Rotterdam, NL",CN S.,"Rotterdam, NL",15-Aug,21-Sep,,,No,No,,2025-07-31T10:26:02.116Z,2025-08-04T02:10:47.519Z,2025-07-31,2025-08-04,7,Accepted,,08-Aug,,0,,,,,,,no vessel,40HC,1,,,,,3,,,,,,,,,,,,15-Aug,FALSE,,FALSE,--,--,CNYTNNLRTM,--,,,,,,,,,,,,,,,,,,,,,,,,,,,,,,,,,,,,,,,,,,,,,,,,,,,,,
yes 1 vessel - allocation,AP > EU,AP,EU,CN,CN S.,33,PHI,CMDU,89-0000,EVER ARM,0LAKVW1MA,6362377310,180080063,Pending,N,CNYTN,CNYTN,NLRTM,NLRTM,CYP/CYP,15-Aug,,40HCx1,1,,,,,1.125,,--,N,--,--,--,--,,,,,,,,,,Yes,,,Philips Healthcare,S.China,Direct,Yes,202347482774,15-Aug,"CNYTN - Yantian, CN","CNYTN - Yantian, CN","NLRTM - Rotterdam, NL","NLRTM - Rotterdam, NL",CN S.,"Rotterdam, NL",15-Aug,21-Sep,,,No,No,,2025-07-31T10:26:02.116Z,2025-08-04T02:10:47.519Z,2025-07-31,2025-08-04,7,Accepted,,09-Aug,,0,,,,,,,no vessel,40HC,1,,,,,3,,,,,,,,,,,,15-Aug,FALSE,,FALSE,--,--,CNYTNNLRTM,--,,,,,,,,,,,,,,,,,,,,,,,,,,,,,,,,,,,,,,,,,,,,,,,,,,,,,
yes 1 vessel - allocation,AP > EU,AP,EU,CN,CN S.,33,UNI,CMDU,89-0000,EVER ARM,0LAKVW1MA,6362377500,180080064,Pending,N,CNYTN,CNYTN,NLRTM,NLRTM,CYP/CYP,15-Aug,,40HCx1,1,,,,,1.125,,--,N,--,--,--,--,,,,,,,,,,Yes,,,UNILEVER,S.China,Direct,Yes,202347323346,15-Aug,"CNYTN - Yantian, CN","CNYTN - Yantian, CN","NLRTM - Rotterdam, NL","NLRTM - Rotterdam, NL",CN S.,"Rotterdam, NL",15-Aug,21-Sep,,,No,No,,2025-07-31T10:26:02.116Z,2025-08-04T02:10:48.484Z,2025-07-31,2025-08-04,7,Accepted,,08-Aug,,0,,,,,,,no vessel,40HC,1,,,,,3,,,,,,,,,,,,15-Aug,FALSE,,FALSE,--,--,CNYTNNLRTM,--,,,,,,,,,,,,,,,,,,,,,,,,,,,,,,,,,,,,,,,,,,,,,,,,,,,,,
yes 1 vessel - allocation,AP > EU,AP,EU,CN,CN S.,33,PHI,CMDU,89-0000,EVER ARM,0LAKVW1MA,6362377460,180080065,Pending,N,CNYTN,CNYTN,NLRTM,NLRTM,CYP/CYP,15-Aug,,40HCx1,1,,,,,1.125,,--,N,--,--,--,--,,,,,,,,,,Yes,,,Philips Healthcare,S.China,Direct,Yes,202347323346,15-Aug,"CNYTN - Yantian, CN","CNYTN - Yantian, CN","NLRTM - Rotterdam, NL","NLRTM - Rotterdam, NL",CN S.,"Rotterdam, NL",15-Aug,21-Sep,,,No,No,,2025-07-31T10:26:02.116Z,2025-08-04T02:10:48.268Z,2025-07-31,2025-08-04,7,Accepted,,08-Aug,,0,,,,,,,no vessel,40HC,1,,,,,3,,,,,,,,,,,,15-Aug,FALSE,,FALSE,--,--,CNYTNNLRTM,--,,,,,,,,,,,,,,,,,,,,,,,,,,,,,,,,,,,,,,,,,,,,,,,,,,,,,
yes 1 vessel - allocation,AP > EU,AP,EU,CN,CN S.,33,UNI,CMDU,89-0000,EVER ARM,0LAKVW1MA,6362377550,180080066,Pending,N,CNYTN,CNYTN,GBFXT,GBFXT,CYP/CYP,15-Aug,,40HCx1,1,,,,,1.125,,--,N,--,--,--,--,,,,,,,,,,Yes,,,UNILEVER,S.China,Direct,Yes,202347323346,15-Aug,"CNYTN - Yantian, CN","CNYTN - Yantian, CN","GBFXT - Felixstowe, GB","GBFXT - Felixstowe, GB",CN S.,Felixstone,15-Aug,25-Sep,,,No,No,,2025-07-31T10:26:02.116Z,2025-08-04T02:10:48.268Z,2025-07-31,2025-08-04,7,Accepted,,09-Aug,,0,,,,,,,no vessel,40HC,1,,,,,3,,,,,,,,,,,,15-Aug,FALSE,,FALSE,--,--,CNYTNGBFXT,--,,,,,,,,,,,,,,,,,,,,,,,,,,,,,,,,,,,,,,,,,,,,,,,,,,,,,